-- phpMyAdmin SQL Dump
-- version 5.2.1
-- https://www.phpmyadmin.net/
--
-- Host: 127.0.0.1
-- Generation Time: Oct 30, 2024 at 08:37 AM
-- Server version: 10.4.32-MariaDB
-- PHP Version: 8.2.12

SET SQL_MODE = "NO_AUTO_VALUE_ON_ZERO";
START TRANSACTION;
SET time_zone = "+00:00";


/*!40101 SET @OLD_CHARACTER_SET_CLIENT=@@CHARACTER_SET_CLIENT */;
/*!40101 SET @OLD_CHARACTER_SET_RESULTS=@@CHARACTER_SET_RESULTS */;
/*!40101 SET @OLD_COLLATION_CONNECTION=@@COLLATION_CONNECTION */;
/*!40101 SET NAMES utf8mb4 */;

--
-- Database: `careerconnect`
--

-- --------------------------------------------------------

--
-- Table structure for table `applications`
--

CREATE TABLE `applications` (
  `application_id` int(11) NOT NULL,
  `job_posting_id` int(11) NOT NULL,
  `job_seeker_id` int(11) NOT NULL,
  `job_seeker_status` int(11) NOT NULL,
  `employer_status` int(1) DEFAULT NULL,
  `created_at` timestamp NOT NULL DEFAULT current_timestamp()
) ENGINE=InnoDB DEFAULT CHARSET=utf8mb4 COLLATE=utf8mb4_general_ci;

-- --------------------------------------------------------

--
-- Table structure for table `employer`
--

CREATE TABLE `employer` (
  `employer_id` int(11) NOT NULL,
  `user_id` int(11) NOT NULL,
  `company_name` varchar(255) NOT NULL,
  `company_logo` longblob DEFAULT NULL,
  `about_company` text NOT NULL,
  `preferential_treatment` text DEFAULT NULL,
  `company_benefits` text DEFAULT NULL,
  `email` varchar(100) DEFAULT NULL
) ENGINE=InnoDB DEFAULT CHARSET=utf8mb4 COLLATE=utf8mb4_general_ci;

--
-- Dumping data for table `employer`
--

INSERT INTO `employer` (`employer_id`, `user_id`, `company_name`, `company_logo`, `about_company`, `preferential_treatment`, `company_benefits`, `email`) VALUES
(21, 117, 'Tech Giants Inc.', NULL, 'Leading technology company specializing in software and hardware solutions', 'Flexible work hours', '[\"Health Insurance\",\"401(k) matching\"]', 'info@techgiants.com'),
(22, 118, 'Green Energy Solutions', NULL, 'Innovative company focused on sustainable energy solutions.', 'Remote work options', '[\"Paid time off\", \"Stock options\"]', 'contact@greenenergy.com'),
(23, 119, 'MediLife Healthcare', NULL, 'Healthcare company providing top-notch medical services.', 'On-site childcare', '[\"Health insurance\", \"Employee discounts\"]', 'support@medilife.com'),
(24, 120, 'Finance Advancers Ltd.', NULL, 'Financial services company offering a wide range of financial products.', 'Professional development programs', '[\"Paid time off\", \"Retirement plans\"]', 'info@finadvancers.com'),
(25, 121, 'Edutopia International', NULL, 'Global education company dedicated to innovative learning solutions.', 'Tuition reimbursement', '[\"Health insurance\", \"Remote work options\"]', 'hello@edutopia.com'),
(26, 122, 'Aero Engineering Corp.', NULL, 'Aerospace engineering company developing cutting-edge aviation technology.', 'Access to state-of-the-art research facilities', '[\"Paid time off\", \"Health insurance\"]', 'contact@aeroeng.com'),
(27, 123, 'Fashionista Apparel', NULL, 'Leading fashion retailer offering the latest trends and styles.', 'Employee discounts on merchandise', '[\"Paid time off\", \"Health insurance\"]', 'support@fashionista.com'),
(28, 124, 'Logistix Solutions', NULL, 'Comprehensive logistics and supply chain management services.', 'Professional development opportunities', '[\"Health insurance\", \"401(k) matching\"]', 'info@logistix.com'),
(29, 125, 'BioNext Pharmaceuticals', NULL, 'Pharmaceutical company focused on developing innovative drugs.', 'Flexible work hours', '[\"Health insurance\", \"Stock options\"]', 'contact@bionext.com'),
(30, 126, 'AutoMax Motors', NULL, 'Automotive company manufacturing state-of-the-art vehicles.', 'Employee discounts on vehicles', '[\"Paid time off\", \"Health insurance\"]', 'support@automax.com'),
(31, 127, 'SoftWorld Technologies', NULL, 'Technology company providing software solutions and services.', 'Remote work options', '[\"Health insurance\", \"401(k) matching\"]', 'info@softworld.com'),
(32, 128, 'FoodWorks Enterprises', NULL, 'Food and beverage company offering a variety of products and services.', 'Employee discounts on products', '[\"Paid time off\", \"Health insurance\"]', 'contact@foodworks.com'),
(33, 129, 'CloudZone Services', NULL, 'Cloud computing and IT services provider.', 'Professional development opportunities', '[\"Health insurance\", \"401(k) matching\"]', 'support@cloudzone.com'),
(34, 130, 'Urban Development Corp.', NULL, 'Urban planning and development company.', 'Access to cutting-edge urban planning tools', '[\"Paid time off\", \"Health insurance\"]', 'info@urbandev.com'),
(35, 131, 'AutoHaven Manufacturing', NULL, 'Manufacturing company specializing in automotive parts.', 'Employee discounts on products', '[\"Paid time off\", \"Health insurance\"]', 'contact@autohaven.com'),
(36, 132, 'AquaEarth Solutions', NULL, 'Environmental solutions company focused on water and earth conservation.', 'Remote work options', '[\"Health insurance\", \"401(k) matching\"]', 'support@aquaearth.com'),
(37, 133, 'Telecom Plus Ltd.', NULL, 'Telecommunication services provider.', 'Professional development programs', '[\"Paid time off\", \"Health insurance\"]', 'info@telecomplus.com'),
(38, 134, 'UrbanStyle Clothing', NULL, 'Retailer of urban clothing and accessories.', 'Employee discounts on merchandise', '[\"Health insurance\", \"401(k) matching\"]', 'contact@urbanstyle.com'),
(39, 135, 'MedTech Innovations', NULL, 'Medical technology company developing innovative healthcare solutions.', 'Access to cutting-edge technology', '[\"Paid time off\", \"Health insurance\"]', 'support@medtech.com'),
(40, 136, 'SpaceWorks Inc.', NULL, 'Aerospace company specializing in space technology.', 'Access to state-of-the-art research facilities', '[\"Paid time off\", \"Stock options\"]', 'info@spaceworks.com'),
(41, 137, 'BuildMax Construction', NULL, 'Construction company focused on building infrastructure projects.', 'Professional development opportunities', '[\"Health insurance\", \"401(k) matching\"]', 'contact@buildmax.com'),
(42, 138, 'GreenTech Ventures', NULL, 'Venture capital firm focused on green technology startups.', 'Flexible work hours', '[\"Paid time off\", \"Stock options\"]', 'support@greentech.com'),
(43, 139, 'AirPlus Airlines', NULL, 'Airline company offering domestic and international flights.', 'Employee discounts on flights', '[\"Health insurance\", \"401(k) matching\"]', 'info@airplus.com'),
(44, 140, 'LegalWorks LLP', NULL, 'Legal services firm offering a wide range of legal solutions.', 'Professional development programs', '[\"Paid time off\", \"Health insurance\"]', 'contact@legalworks.com'),
(45, 141, 'BioMax Research', NULL, 'Biotechnology research company.', 'Access to state-of-the-art research facilities', '[\"Paid time off\", \"Stock options\"]', 'support@biomax.com'),
(46, 142, 'AgriField Industries', NULL, 'Agricultural company specializing in innovative farming solutions.', 'Flexible work hours', '[\"Health insurance\", \"401(k) matching\"]', 'info@agrifield.com'),
(47, 143, 'Networks United', NULL, 'IT services provider focused on network solutions.', 'Remote work options', '[\"Paid time off\", \"Health insurance\"]', 'contact@networksunited.com'),
(48, 144, 'EduCare Academy', NULL, 'Dedicated to providing high-quality education and training programs.', 'Flexible working hours', '[\"Health insurance\", \"Paid time off\"]', 'educare@example.com'),
(49, 145, 'CyberSolutions Ltd.', NULL, 'Specialists in cybersecurity and IT solutions.', 'Remote work options', '[\"Health insurance\", \"Gym membership\"]', 'cybersolutions@example.com'),
(50, 146, 'TouristHub Travel', NULL, 'Leading travel agency offering personalized travel experiences.', 'Travel discounts', '[\"Paid time off\", \"Employee discounts\"]', 'touristhub@example.com'),
(51, 147, 'DesignPlus Studios', NULL, 'Innovative design studio specializing in graphic and web design.', 'Flexible project timelines', '[\"Health insurance\", \"Creative work environment\"]', 'designplus@example.com'),
(52, 148, 'TechWave Systems', NULL, 'Pioneers in providing cutting-edge technology solutions.', 'Remote work options', '[\"Paid time off\", \"401(k) matching\"]', 'techwave@example.com'),
(53, 149, 'SmartFoods Inc.', NULL, 'A company that offers healthy and smart food options.', 'Employee meal discounts', '[\"Health insurance\", \"Flexible working hours\"]', 'smartfoods@example.com'),
(54, 150, 'Inspire Education Group', NULL, 'Committed to inspiring and empowering students.', 'Professional development opportunities', '[\"Paid time off\", \"Health insurance\"]', 'inspireedu@example.com'),
(55, 151, 'HealthFirst Medical', NULL, 'Top healthcare provider offering comprehensive medical services.', 'On-site childcare', '[\"Health insurance\", \"Employee assistance programs\"]', 'healthfirst@example.com'),
(56, 152, 'Future Mobility Corp.', NULL, 'Leading the way in innovative transportation solutions.', 'Flexible work schedules', '[\"Paid time off\", \"Retirement plans\"]', 'futuremobility@example.com'),
(57, 153, 'BlueOcean Logistics', NULL, 'Efficient and reliable logistics services.', 'Employee travel allowances', '[\"Health insurance\", \"401(k) matching\"]', 'blueocean@example.com'),
(58, 154, 'UrbanTech Innovations', NULL, 'Bringing technology and innovation to urban areas.', 'Remote work options', '[\"Paid time off\", \"Professional development\"]', 'urbantech@example.com'),
(59, 155, 'NextGen Finance Ltd.', NULL, 'Innovative financial solutions for the next generation.', 'Flexible work schedules', '[\"Health insurance\", \"Retirement plans\"]', 'nextgenfinance@example.com'),
(60, 156, 'EcoEnergy Systems', NULL, 'Sustainable energy solutions for a greener future.', 'Remote work options', '[\"Paid time off\", \"Health insurance\"]', 'ecoenergy@example.com'),
(61, 157, 'HealthZone Pharmaceuticals', NULL, 'Leading pharmaceutical company dedicated to health and wellness.', 'On-site fitness center', '[\"Health insurance\", \"Paid time off\"]', 'healthzone@example.com'),
(62, 158, 'CloudGenius Solutions', NULL, 'Providing top-notch cloud computing solutions.', 'Remote work options', '[\"Paid time off\", \"401(k) matching\"]', 'cloudgenius@example.com'),
(63, 159, 'DigiSpace Media', NULL, 'Digital marketing agency specializing in social media campaigns and online advertising.', 'Flexible working hours', '[\"Health insurance\", \"Remote work options\"]', 'digispace@example.com'),
(64, 160, 'TechConnect Group', NULL, 'Leading provider of IT consulting and managed services.', 'Professional development programs', '[\"401(k) matching\", \"Tuition reimbursement\"]', 'techconnect@example.com'),
(65, 161, 'BrightFuture Education', NULL, 'Educational institution focusing on innovative teaching methods and student success.', 'Free tuition for employees\' children', '[\"Health insurance\", \"Paid time off\"]', 'brightfuture@example.com'),
(66, 162, 'AirLift Logistics', NULL, 'Logistics company providing comprehensive transportation and delivery services.', 'Company vehicles for personal use', '[\"Health insurance\", \"Retirement plans\"]', 'airlift@example.com'),
(67, 163, 'CityWorks Development', NULL, 'Urban development firm focused on sustainable city planning and infrastructure.', 'Housing allowances', '[\"Health insurance\", \"Paid parental leave\"]', 'cityworks@example.com'),
(68, 164, 'Global Trade Solutions', NULL, 'International trade company specializing in import and export services.', 'International travel opportunities', '[\"Health insurance\", \"Stock options\"]', 'globaltrade@example.com'),
(69, 165, 'FoodChain Ltd.', NULL, 'Food distribution company supplying high-quality products to retailers and restaurants.', 'Discounts on company products', '[\"Health insurance\", \"Retirement plans\"]', 'foodchain@example.com'),
(70, 166, 'AutoTech Innovations', NULL, 'Automotive technology company developing cutting-edge vehicle systems and components.', 'Employee car leasing program', '[\"Health insurance\", \"Tuition reimbursement\"]', 'autotech@example.com'),
(71, 167, 'TeleMedia Corp.', NULL, 'Telecommunications company providing a range of communication services and solutions.', 'Free company mobile plans', '[\"Health insurance\", \"401(k) matching\"]', 'telemedia@example.com'),
(72, 168, 'NextGen Biotech', NULL, 'Biotechnology firm focused on genetic research and pharmaceutical development.', 'Access to cutting-edge research facilities', '[\"Health insurance\", \"Stock options\"]', 'nextgenbio@example.com'),
(73, 169, 'BrightLights Entertainment', NULL, 'Entertainment company producing films, music, and live performances.', 'Backstage passes and event tickets', '[\"Health insurance\", \"Employee discounts\"]', 'brightlights@example.com'),
(74, 170, 'FastCourier Services', NULL, 'Courier service providing fast and reliable delivery solutions.', 'Company motorcycles for delivery personnel', '[\"Health insurance\", \"Performance bonuses\"]', 'fastcourier@example.com'),
(75, 171, 'SolarGrid Energy', NULL, 'Renewable energy company specializing in solar power solutions.', 'Stock options for employees', '[\"Health insurance\", \"Paid time off\"]', 'solargrid@example.com'),
(76, 172, 'Luxury Travels Ltd.', NULL, 'Luxury travel agency offering bespoke travel experiences and services.', 'Free or discounted travel opportunities', '[\"Health insurance\", \"401(k) matching\"]', 'luxurytravels@example.com'),
(77, 173, 'SmartLogix Solutions', NULL, 'Logistics technology company providing software and hardware solutions for supply chain management.', 'Flexible working arrangements', '[\"Health insurance\", \"Paid parental leave\"]', 'smartlogix@example.com'),
(78, 174, 'LifeCare Medical Center', NULL, 'Comprehensive medical center providing top-tier healthcare services.', 'Free annual health check-ups', '[\"Health insurance\", \"Paid time off\"]', 'lifecare@example.com'),
(79, 175, 'TechBridge Innovations', NULL, 'Innovative tech company focused on bridging the gap between technology and daily life.', 'Flexible working hours', '[\"Stock options\", \"Professional development\"]', 'techbridge@example.com'),
(80, 176, 'CityFood Inc.', NULL, 'Leading food distribution company catering to urban areas.', 'Employee meal plans', '[\"Health insurance\", \"401(k) matching\"]', 'cityfood@example.com'),
(81, 177, 'MedLabs Research', NULL, 'Pioneering research facility dedicated to medical advancements.', 'Access to cutting-edge research tools', '[\"Health insurance\", \"Paid parental leave\"]', 'medlabs@example.com'),
(82, 178, 'GreenGroove Ventures', NULL, 'Sustainable venture capital firm focusing on green technologies.', 'Green commute incentives', '[\"Health insurance\", \"Stock options\"]', 'greengroove@example.com'),
(83, 179, 'AeroWorks Ltd.', NULL, 'Leading aerospace company specializing in innovative aviation solutions.', 'Travel discounts', '[\"Health insurance\", \"Tuition reimbursement\"]', 'aeroworks@example.com'),
(84, 180, 'FutureBuild Construction', NULL, 'Construction company dedicated to futuristic and sustainable building solutions.', 'Housing allowances', '[\"Health insurance\", \"Retirement plans\"]', 'futurebuild@example.com'),
(85, 181, 'MetroHealth Medical Group', NULL, 'Medical group offering comprehensive healthcare services in metropolitan areas.', 'Free on-site childcare', '[\"Health insurance\", \"Professional development\"]', 'metrohealth@example.com'),
(86, 182, 'Innovative Health Solutions', NULL, 'Healthcare company focused on innovative medical solutions and treatments.', 'Access to experimental treatments', '[\"Health insurance\", \"Paid time off\"]', 'innovativehealth@example.com'),
(87, 183, 'Digital Dreams Agency', NULL, 'Creative agency specializing in digital marketing and media.', 'Creative freedom', '[\"Health insurance\", \"Remote work options\"]', 'digitaldreams@example.com'),
(88, 184, 'FinTech Fusion', NULL, 'Financial technology firm delivering cutting-edge financial solutions.', 'Stock options', '[\"Health insurance\", \"Paid parental leave\"]', 'fintechfusion@example.com'),
(89, 185, 'Urban Energy Solutions', NULL, 'Energy solutions company specializing in urban environments.', 'Green commute incentives', '[\"Health insurance\", \"401(k) matching\"]', 'urbanenergy@example.com'),
(91, 186, 'Sustainably Managed Co.', NULL, 'Company committed to sustainable management and eco-friendly practices.', 'Eco-friendly incentives', '[\"Health insurance\", \"Paid time off\"]', 'sustainably@example.com'),
(92, 187, 'AgriInnovate Technologies', NULL, 'Agricultural technology company focusing on innovative farming solutions.', 'Access to latest farming technologies', '[\"Health insurance\", \"Professional development\"]', 'agriinnovate@example.com');

-- --------------------------------------------------------

--
-- Table structure for table `job_posting`
--

CREATE TABLE `job_posting` (
  `job_posting_id` int(11) NOT NULL,
  `employer_id` int(11) NOT NULL,
  `title` varchar(255) NOT NULL,
  `salary` varchar(255) NOT NULL,
  `location` varchar(255) NOT NULL,
  `skills` text NOT NULL,
  `description` text NOT NULL,
  `created_at` timestamp NOT NULL DEFAULT current_timestamp(),
  `updated_at` timestamp NOT NULL DEFAULT current_timestamp()
) ENGINE=InnoDB DEFAULT CHARSET=utf8mb4 COLLATE=utf8mb4_general_ci;

--
-- Dumping data for table `job_posting`
--

INSERT INTO `job_posting` (`job_posting_id`, `employer_id`, `title`, `salary`, `location`, `skills`, `description`, `created_at`, `updated_at`) VALUES
(42, 21, 'Software Developer', '$80,000 - $100,000', 'New York, USA', 'Java,Spring,REST APIs', 'Develop and maintain software applications.', '2024-10-29 07:11:32', '2024-10-29 07:11:32'),
(43, 21, 'Systems Analyst', '$70,000 - $90,000', 'Berlin, Germany', 'SQL,Data Analysis,Problem-solving', 'Analyze and improve IT systems for better efficiency.', '2024-10-29 07:11:32', '2024-10-29 07:11:32'),
(44, 22, 'Renewable Energy Engineer', '$75,000 - $95,000', 'Toronto, Canada', 'Energy Modeling,Project Management,Renewable Technologies', 'Design and implement renewable energy projects.', '2024-10-29 07:13:11', '2024-10-29 07:13:11'),
(45, 22, 'Sales Engineer', '$65,000 - $85,000', 'Sydney, Australia', 'Sales Skills,Technical Knowledge,Communication', 'Promote and sell green energy solutions to clients.', '2024-10-29 07:13:11', '2024-10-29 07:13:11'),
(46, 23, 'Registered Nurse', '$60,000 - $80,000', 'Tokyo, Japan', 'Patient Care,Critical Thinking,Communication', 'Provide high-quality nursing care to patients.', '2024-10-29 07:14:09', '2024-10-29 07:14:09'),
(47, 23, 'Healthcare Administrator', '$70,000 - $90,000', 'London, UK', 'Management,Organizational Skills,Healthcare Knowledge', 'Oversee the administration of healthcare facilities.', '2024-10-29 07:14:09', '2024-10-29 07:14:09'),
(48, 24, 'Financial Analyst', '$65,000 - $85,000', 'Singapore', 'Financial Modeling,Excel,Analytical Skills', 'Analyze financial data to support business decisions.', '2024-10-29 07:14:55', '2024-10-29 07:14:55'),
(49, 24, 'Investment Consultant', '$70,000 - $90,000', 'Dublin, Ireland', 'Investment Strategies,Client Relations,Market Analysis', 'Provide investment advice to clients.', '2024-10-29 07:14:55', '2024-10-29 07:14:55'),
(50, 25, 'Curriculum Developer', '$60,000 - $80,000', 'Cape Town, South Africa', 'Curriculum Design,Educational Technology,Research', 'Develop innovative curriculum for various educational programs.', '2024-10-29 07:15:35', '2024-10-29 07:15:35'),
(51, 25, 'Online Instructor', '$50,000 - $70,000', 'Madrid, Spain', 'Teaching,Online Platforms,Communication', 'Teach and engage students in online courses.', '2024-10-29 07:15:35', '2024-10-29 07:15:35'),
(52, 26, 'Aerospace Engineer', '$85,000 - $105,000', 'Los Angeles, USA', 'Aerospace Systems,Design Skills,Problem-solving', 'Design and develop aircraft and spacecraft.', '2024-10-29 07:16:27', '2024-10-29 07:16:27'),
(53, 26, 'Project Manager', '$90,000 - $110,000', 'Amsterdam, Netherlands', 'Leadership,Project Management,Aerospace Knowledge', 'Oversee aerospace projects from concept to completion.', '2024-10-29 07:16:27', '2024-10-29 07:16:27'),
(54, 27, 'Fashion Designer', '$60,000 - $80,000', 'Milan, Italy', 'Design Software,Creativity,Trend Analysis', 'Create new fashion designs and collections.', '2024-10-29 07:17:10', '2024-10-29 07:17:10'),
(55, 27, 'Marketing Specialist', '$55,000 - $75,000', 'Hong Kong', 'Marketing Strategies,Social Media,Communication', 'Develop and implement marketing campaigns for new collections.', '2024-10-29 07:17:10', '2024-10-29 07:17:10'),
(56, 28, 'Logistics Coordinator', '$50,000 - $70,000', 'São Paulo, Brazil', 'Logistics Management,Organizational Skills,Communication', 'Coordinate logistics and supply chain activities.', '2024-10-29 07:18:10', '2024-10-29 07:18:10'),
(57, 28, 'Supply Chain Analyst', '$60,000 - $80,000', 'Mexico City, Mexico', 'Data Analysis,Problem-solving,Supply Chain Knowledge', 'Analyze and improve supply chain processes.', '2024-10-29 07:18:10', '2024-10-29 07:18:10'),
(58, 29, 'Pharmaceutical Sales Representative', '$70,000 - $90,000', 'Mumbai, India', 'Sales Skills,Pharmaceutical Knowledge,Communication', 'Promote pharmaceutical products to healthcare professionals.', '2024-10-29 07:18:55', '2024-10-29 07:18:55'),
(59, 29, 'Research Scientist', '$80,000 - $100,000', 'Seoul, South Korea', 'Research Skills,Analytical Skills,Laboratory Techniques', 'Conduct research to develop new drugs.', '2024-10-29 07:18:55', '2024-10-29 07:18:55'),
(60, 30, 'Mechanical Engineer', '$75,000 - $95,000', 'Toronto, Canada', 'Mechanical Design,CAD Software,Problem-solving', 'Design and develop automotive components.', '2024-10-29 07:19:32', '2024-10-29 07:19:32'),
(61, 30, 'Quality Assurance Specialist', '$60,000 - $80,000', 'Berlin, Germany', 'Quality Control,Attention to Detail,Testing Procedures', 'Ensure products meet quality standards.', '2024-10-29 07:19:32', '2024-10-29 07:19:32'),
(63, 31, 'Software Engineer', '$80,000 - $100,000', 'San Francisco, USA', 'Java,Spring Boot,Microservices', 'Design and develop software applications and services.', '2024-10-29 07:21:12', '2024-10-29 07:21:12'),
(64, 31, 'Project Manager', '$90,000 - $110,000', 'Lisbon, Portugal', 'Agile Methodologies,Team Leadership,Communication', 'Lead and manage software development projects.', '2024-10-29 07:21:12', '2024-10-29 07:21:12'),
(65, 32, 'Product Manager', '$70,000 - $90,000', 'Chicago, USA', 'Product Development,Market Research,Communication', 'Oversee product development and marketing strategies.', '2024-10-29 07:21:46', '2024-10-29 07:21:46'),
(66, 32, 'Quality Assurance Specialist', '$60,000 - $80,000', 'Toronto, Canada', 'Quality Control,Food Safety Standards,Testing Procedures', 'Ensure product quality and compliance with safety standards.', '2024-10-29 07:21:46', '2024-10-29 07:21:46'),
(67, 33, 'Cloud Solutions Architect', '$85,000 - $105,000', 'Bangalore, India', 'AWS,Azure,Cloud Architecture', 'Design cloud solutions for various business needs.', '2024-10-29 07:22:19', '2024-10-29 07:22:19'),
(68, 33, 'DevOps Engineer', '$80,000 - $100,000', 'Berlin, Germany', 'CI/CD,Automation,Containerization', 'Implement and manage DevOps practices across the organization.', '2024-10-29 07:22:19', '2024-10-29 07:22:19'),
(69, 34, 'Urban Planner', '$75,000 - $95,000', 'New York, USA', 'Urban Planning,GIS Software,Public Engagement', 'Develop urban plans and policies for sustainable development.', '2024-10-29 07:23:03', '2024-10-29 07:23:03'),
(70, 34, 'Civil Engineer', '$80,000 - $100,000', 'Melbourne, Australia', 'Structural Design,Project Management,Civil Engineering Principles', 'Design and oversee construction projects within urban areas.', '2024-10-29 07:23:03', '2024-10-29 07:23:03'),
(71, 35, 'Manufacturing Engineer', '$70,000 - $90,000', 'Detroit, USA', 'Lean Manufacturing,Process Improvement,CAD Software', 'Optimize manufacturing processes for automotive parts.', '2024-10-29 07:23:56', '2024-10-29 07:23:56'),
(72, 35, 'Production Supervisor', '$65,000 - $85,000', 'Tokyo, Japan', 'Leadership,Production Management,Quality Control', 'Supervise production staff and manage workflow.', '2024-10-29 07:23:56', '2024-10-29 07:23:56'),
(73, 36, 'Environmental Scientist', '$75,000 - $95,000', 'Cape Town, South Africa', 'Research Skills,Data Analysis,Environmental Policy', 'Conduct research on water and earth conservation methods.', '2024-10-29 07:24:33', '2024-10-29 07:24:33'),
(74, 36, 'Project Coordinator', '$60,000 - $80,000', 'Seattle, USA', 'Project Management,Communication,Teamwork', 'Coordinate environmental conservation projects.', '2024-10-29 07:24:33', '2024-10-29 07:24:33'),
(75, 37, 'Network Engineer', '$70,000 - $90,000', 'London, UK', 'Networking Protocols,Troubleshooting,Cisco Systems', 'Design and maintain telecommunications networks.', '2024-10-29 07:25:15', '2024-10-29 07:25:15'),
(76, 37, 'Sales Executive', '$60,000 - $80,000', 'Dubai, UAE', 'Sales Skills,Customer Relations,Telecom Knowledge', 'Promote and sell telecommunications services.', '2024-10-29 07:25:15', '2024-10-29 07:25:15'),
(77, 38, 'Fashion Buyer', '$65,000 - $85,000', 'Paris, France', 'Negotiation,Market Trends,Inventory Management', 'Source and purchase fashion merchandise for retail.', '2024-10-29 07:25:56', '2024-10-29 07:25:56'),
(78, 38, 'Visual Merchandiser', '$50,000 - $70,000', 'Los Angeles, USA', 'Visual Design,Creativity,Retail Experience', 'Create visually appealing displays to attract customers.', '2024-10-29 07:25:56', '2024-10-29 07:25:56'),
(80, 39, 'Biomedical Engineer', '$85,000 - $105,000', 'Boston, USA', 'Biomedical Engineering,Research Skills,Problem-solving', 'Design and develop innovative medical devices.', '2024-10-29 07:28:00', '2024-10-29 07:28:00'),
(81, 39, 'Clinical Research Associate', '$70,000 - $90,000', 'Toronto, Canada', 'Clinical Trials,Data Analysis,Medical Knowledge', 'Assist in the planning and execution of clinical research.', '2024-10-29 07:28:00', '2024-10-29 07:28:00'),
(82, 40, 'Aerospace Technician', '$70,000 - $90,000', 'Houston, USA', 'Mechanical Skills,Problem-solving,Aerospace Knowledge', 'Support the assembly and testing of aerospace components.', '2024-10-29 07:29:57', '2024-10-29 07:29:57'),
(83, 40, 'Systems Engineer', '$85,000 - $105,000', 'Madrid, Spain', 'Systems Engineering,Project Management,Technical Skills', 'Develop systems and solutions for aerospace projects.', '2024-10-29 07:29:58', '2024-10-29 07:29:58'),
(84, 41, 'Project Manager', '$80,000 - $100,000', 'Chicago, USA', 'Project Management,Construction Management,Leadership', 'Oversee construction projects from inception to completion.', '2024-10-29 07:31:39', '2024-10-29 07:31:39'),
(85, 41, 'Civil Engineer', '$75,000 - $95,000', 'Toronto, Canada', 'Structural Design,Site Planning,Civil Engineering', 'Design and implement infrastructure projects.', '2024-10-29 07:31:39', '2024-10-29 07:31:39'),
(86, 42, 'Investment Analyst', '$85,000 - $105,000', 'San Francisco, USA', 'Financial Analysis,Market Research,Communication', 'Analyze and evaluate investment opportunities in green technology.', '2024-10-29 07:32:28', '2024-10-29 07:32:28'),
(87, 42, 'Venture Capital Associate', '$90,000 - $110,000', 'Berlin, Germany', 'Networking,Negotiation,Investment Strategies', 'Support investment decisions and portfolio management.', '2024-10-29 07:32:28', '2024-10-29 07:32:28'),
(88, 43, 'Customer Service Representative', '$40,000 - $60,000', 'New York, USA', 'Communication,Problem Solving,Customer Service', 'Assist passengers with inquiries and ticketing.', '2024-10-29 07:33:12', '2024-10-29 07:33:12'),
(89, 43, 'Flight Operations Manager', '$90,000 - $110,000', 'Dubai, UAE', 'Operations Management,Regulatory Compliance,Team Leadership', 'Manage flight operations and ensure compliance with regulations.', '2024-10-29 07:33:12', '2024-10-29 07:33:12'),
(92, 44, 'Associate Lawyer', '$80,000 - $100,000', 'Los Angeles, USA', 'Legal Research,Client Representation,Negotiation', 'Provide legal counsel and representation to clients.', '2024-10-29 07:36:20', '2024-10-29 07:36:20'),
(93, 44, 'Legal Assistant', '$50,000 - $70,000', 'Toronto, Canada', 'Organization,Communication,Legal Documentation', 'Assist lawyers in preparing cases and legal documents.', '2024-10-29 07:36:21', '2024-10-29 07:36:21'),
(94, 45, 'Biotechnologist', '$85,000 - $105,000', 'Boston, USA', 'Molecular Biology,Research Skills,Laboratory Techniques', 'Conduct research on biological systems and processes.', '2024-10-29 07:37:08', '2024-10-29 07:37:08'),
(95, 45, 'Research Scientist', '$90,000 - $110,000', 'Zurich, Switzerland', 'Scientific Research,Data Analysis,Project Management', 'Lead research projects in biotechnology.', '2024-10-29 07:37:08', '2024-10-29 07:37:08'),
(96, 46, 'Agricultural Engineer', '$75,000 - $95,000', 'Nairobi, Kenya', 'Engineering Principles,Crop Management,Sustainability', 'Develop agricultural technology and solutions.', '2024-10-29 07:37:47', '2024-10-29 07:37:47'),
(97, 46, 'Farm Manager', '$60,000 - $80,000', 'Fresno, USA', 'Farm Operations,Leadership,Resource Management', 'Manage day-to-day operations of a farming business.', '2024-10-29 07:37:47', '2024-10-29 07:37:47'),
(98, 47, 'Network Administrator', '$70,000 - $90,000', 'Dallas, USA', 'Networking Protocols,Troubleshooting,Firewall Management', 'Manage and maintain network infrastructure.', '2024-10-29 07:38:22', '2024-10-29 07:38:22'),
(99, 47, 'IT Support Specialist', '$55,000 - $75,000', 'Bangalore, India', 'Technical Support,Problem Solving,Customer Service', 'Provide technical support for network issues.', '2024-10-29 07:38:22', '2024-10-29 07:38:22'),
(100, 48, 'Curriculum Developer', '$65,000 - $85,000', 'Boston, USA', 'Curriculum Design,Educational Theory,Project Management', 'Create and develop educational materials and programs.', '2024-10-29 07:39:42', '2024-10-29 07:39:42'),
(101, 48, 'Training Coordinator', '$60,000 - $80,000', 'London, UK', 'Training Development,Communication,Organizational Skills', 'Coordinate and oversee training programs for educators.', '2024-10-29 07:39:42', '2024-10-29 07:39:42'),
(102, 49, 'Cybersecurity Analyst', '$80,000 - $100,000', 'Singapore', 'Risk Assessment,Network Security,Incident Response', 'Monitor and protect company networks from cyber threats.', '2024-10-29 07:40:18', '2024-10-29 07:40:18'),
(103, 49, 'Penetration Tester', '$90,000 - $110,000', 'Toronto, Canada', 'Ethical Hacking,Security Audits,Vulnerability Assessment', 'Conduct penetration tests to identify security vulnerabilities.', '2024-10-29 07:40:18', '2024-10-29 07:40:18'),
(104, 50, 'Travel Consultant', '$45,000 - $65,000', 'Barcelona, Spain', 'Customer Service,Travel Planning,Sales Skills', 'Provide personalized travel planning services to clients.', '2024-10-29 07:40:59', '2024-10-29 07:40:59'),
(105, 50, 'Marketing Specialist', '$50,000 - $70,000', 'Melbourne, Australia', 'Digital Marketing,Content Creation,Social Media', 'Develop marketing strategies to promote travel services.', '2024-10-29 07:40:59', '2024-10-29 07:40:59'),
(106, 51, 'Graphic Designer', '$60,000 - $80,000', 'Los Angeles, USA', 'Adobe Creative Suite,Creative Thinking,Communication', 'Create visual designs for various projects and clients.', '2024-10-29 07:41:42', '2024-10-29 07:41:42'),
(107, 51, 'Web Designer', '$65,000 - $85,000', 'Berlin, Germany', 'HTML/CSS,User Experience Design,Responsive Design', 'Design and develop user-friendly websites.', '2024-10-29 07:41:42', '2024-10-29 07:41:42'),
(108, 52, 'Software Engineer', '$90,000 - $110,000', 'Seattle, USA', 'Java,Python,Agile Development', 'Develop innovative software solutions for various applications.', '2024-10-29 07:42:54', '2024-10-29 07:42:54'),
(109, 52, 'Systems Analyst', '$80,000 - $100,000', 'Tokyo, Japan', 'System Design,Data Analysis,Problem Solving', 'Analyze and improve existing systems for better efficiency.', '2024-10-29 07:42:54', '2024-10-29 07:42:54'),
(110, 53, 'Nutritionist', '$70,000 - $90,000', 'New York, USA', 'Dietary Planning,Communication,Research Skills', 'Advise customers on healthy food choices and meal planning.', '2024-10-29 07:44:05', '2024-10-29 07:44:05'),
(111, 53, 'Marketing Specialist', '$60,000 - $80,000', 'Vancouver, Canada', 'Digital Marketing,Content Creation,Social Media', 'Develop marketing strategies to promote healthy food options.', '2024-10-29 07:44:06', '2024-10-29 07:44:06'),
(112, 54, 'Education Consultant', '$75,000 - $95,000', 'San Francisco, USA', 'Curriculum Development,Teaching Experience,Communication', 'Work with schools to improve educational programs.', '2024-10-29 07:44:41', '2024-10-29 07:44:41'),
(113, 54, 'Teacher', '$60,000 - $80,000', 'London, UK', 'Lesson Planning,Classroom Management,Creativity', 'Deliver high-quality education to students in various subjects.', '2024-10-29 07:44:42', '2024-10-29 07:44:42'),
(114, 55, 'Registered Nurse', '$70,000 - $90,000', 'Los Angeles, USA', 'Patient Care,Communication,Critical Thinking', 'Provide nursing care to patients in a clinical setting.', '2024-10-29 07:45:09', '2024-10-29 07:45:09'),
(115, 55, 'Healthcare Administrator', '$85,000 - $105,000', 'Sydney, Australia', 'Healthcare Management,Finance,Leadership', 'Manage healthcare operations and ensure compliance with regulations.', '2024-10-29 07:45:09', '2024-10-29 07:45:09'),
(116, 56, 'Mechanical Engineer', '$85,000 - $105,000', 'Berlin, Germany', 'CAD Software,Design Engineering,Project Management', 'Design and develop innovative transportation solutions.', '2024-10-29 07:45:39', '2024-10-29 07:45:39'),
(117, 56, 'Transportation Planner', '$80,000 - $100,000', 'Amsterdam, Netherlands', 'Urban Planning,Data Analysis,Communication', 'Plan and implement transportation systems and strategies.', '2024-10-29 07:45:39', '2024-10-29 07:45:39'),
(118, 57, 'Logistics Coordinator', '$60,000 - $80,000', 'Chicago, USA', 'Supply Chain Management,Organizational Skills,Communication', 'Coordinate logistics and supply chain activities.', '2024-10-29 07:46:09', '2024-10-29 07:46:09'),
(119, 57, 'Warehouse Manager', '$70,000 - $90,000', 'Miami, USA', 'Inventory Management,Team Leadership,Safety Compliance', 'Manage warehouse operations and ensure efficient processes.', '2024-10-29 07:46:10', '2024-10-29 07:46:10'),
(120, 58, 'Urban Planner', '$75,000 - $95,000', 'Toronto, Canada', 'Urban Design,Research Skills,Public Engagement', 'Develop plans and programs for land use in urban areas.', '2024-10-29 07:48:03', '2024-10-29 07:48:03'),
(121, 58, 'Product Manager', '$85,000 - $105,000', 'Singapore', 'Product Development,Market Research,Leadership', 'Lead product development for urban technology solutions.', '2024-10-29 07:48:03', '2024-10-29 07:48:03'),
(122, 59, 'Financial Analyst', '$80,000 - $100,000', 'New York, USA', 'Financial Modeling,Data Analysis,Investment Strategies', 'Analyze financial data to inform investment decisions.', '2024-10-29 07:48:45', '2024-10-29 07:48:45'),
(123, 59, 'Compliance Officer', '$75,000 - $95,000', 'London, UK', 'Regulatory Compliance,Risk Management,Communication', 'Ensure company compliance with financial regulations.', '2024-10-29 07:48:45', '2024-10-29 07:48:45'),
(124, 60, 'Energy Consultant', '$80,000 - $100,000', 'San Diego, USA', 'Energy Auditing,Sustainability,Communication', 'Advise clients on sustainable energy solutions.', '2024-10-29 07:49:16', '2024-10-29 07:49:16'),
(125, 60, 'Renewable Energy Engineer', '$90,000 - $110,000', 'Copenhagen, Denmark', 'Solar Energy,Wind Energy,Engineering Principles', 'Design and implement renewable energy projects.', '2024-10-29 07:49:16', '2024-10-29 07:49:16'),
(126, 61, 'Pharmaceutical Sales Representative', '$70,000 - $90,000', 'Atlanta, USA', 'Sales Skills,Communication,Negotiation', 'Promote and sell pharmaceutical products to healthcare professionals.', '2024-10-29 07:49:48', '2024-10-29 07:49:48'),
(127, 61, 'Clinical Research Associate', '$80,000 - $100,000', 'Dublin, Ireland', 'Clinical Trials,Data Management,Research Skills', 'Coordinate clinical trials and research activities.', '2024-10-29 07:49:49', '2024-10-29 07:49:49'),
(128, 62, 'Cloud Solutions Architect', '$95,000 - $115,000', 'Austin, USA', 'Cloud Architecture,AWS,DevOps', 'Design and implement cloud-based solutions for clients.', '2024-10-29 07:51:02', '2024-10-29 07:51:02'),
(129, 62, 'DevOps Engineer', '$90,000 - $110,000', 'Bangalore, India', 'Linux,Automation,CI/CD', 'Manage and optimize cloud infrastructure and deployment processes.', '2024-10-29 07:51:02', '2024-10-29 07:51:02'),
(130, 63, 'Social Media Manager', '$65,000 - $85,000', 'Los Angeles, USA', 'Social Media Strategy,Content Creation,Analytics', 'Create and manage social media campaigns for clients.', '2024-10-29 07:52:20', '2024-10-29 07:52:20'),
(131, 63, 'Digital Marketing Specialist', '$70,000 - $90,000', 'Toronto, Canada', 'SEO,PPC,Email Marketing', 'Develop and execute online marketing strategies to increase brand visibility.', '2024-10-29 07:52:20', '2024-10-29 07:52:20'),
(134, 64, 'IT Consultant', '$80,000 - $100,000', 'New York, USA', 'IT Strategy,Problem Solving,Client Management', 'Provide IT consulting services to improve clients\' operations.', '2024-10-29 07:53:35', '2024-10-29 07:53:35'),
(135, 64, 'Managed Services Technician', '$70,000 - $90,000', 'Dublin, Ireland', 'Network Administration,Technical Support,Troubleshooting', 'Support clients with their IT infrastructure and manage services.', '2024-10-29 07:53:35', '2024-10-29 07:53:35'),
(136, 65, 'Curriculum Developer', '$75,000 - $95,000', 'San Francisco, USA', 'Curriculum Design,Education Technology,Research', 'Develop innovative educational programs and materials.', '2024-10-29 07:54:09', '2024-10-29 07:54:09'),
(137, 65, 'Teacher', '$60,000 - $80,000', 'London, UK', 'Lesson Planning,Classroom Management,Communication', 'Teach and inspire students in a supportive environment.', '2024-10-29 07:54:09', '2024-10-29 07:54:09'),
(138, 66, 'Logistics Coordinator', '$65,000 - $85,000', 'Chicago, USA', 'Supply Chain Management,Organizational Skills,Communication', 'Coordinate logistics and transportation operations for clients.', '2024-10-29 07:54:48', '2024-10-29 07:54:48'),
(139, 66, 'Operations Manager', '$75,000 - $95,000', 'Miami, USA', 'Operations Management,Leadership,Problem Solving', 'Manage logistics operations to ensure timely delivery of services.', '2024-10-29 07:54:48', '2024-10-29 07:54:48'),
(140, 67, 'Urban Planner', '$80,000 - $100,000', 'Seattle, USA', 'Urban Design,Research Skills,Public Engagement', 'Develop and implement sustainable urban planning strategies.', '2024-10-29 07:55:54', '2024-10-29 07:55:54'),
(141, 67, 'Civil Engineer', '$85,000 - $105,000', 'Melbourne, Australia', 'Civil Engineering,Project Management,AutoCAD', 'Design and oversee infrastructure projects in urban areas.', '2024-10-29 07:55:54', '2024-10-29 07:55:54'),
(143, 68, 'Import/Export Coordinator', '$70,000 - $90,000', 'New York, USA', 'Customs Regulations,Logistics,Negotiation', 'Manage and coordinate international shipments for clients.', '2024-10-29 07:56:46', '2024-10-29 07:56:46'),
(144, 68, 'Business Development Manager', '$80,000 - $100,000', 'Hong Kong', 'Market Research,Sales Skills,Strategic Planning', 'Identify and develop new business opportunities in international trade.', '2024-10-29 07:56:46', '2024-10-29 07:56:46'),
(145, 69, 'Sales Representative', '$60,000 - $80,000', 'Atlanta, USA', 'Sales Skills,Customer Service,Negotiation', 'Sell food products to retailers and restaurants.', '2024-10-29 07:57:27', '2024-10-29 07:57:27'),
(146, 69, 'Supply Chain Analyst', '$65,000 - $85,000', 'Dallas, USA', 'Data Analysis,Logistics,Inventory Management', 'Analyze and optimize the supply chain processes.', '2024-10-29 07:57:27', '2024-10-29 07:57:27'),
(147, 70, 'Automotive Engineer', '$90,000 - $110,000', 'Detroit, USA', 'Mechanical Engineering,Automotive Systems,CAD Software', 'Develop cutting-edge automotive technology and systems.', '2024-10-29 07:58:24', '2024-10-29 07:58:24'),
(148, 70, 'Product Manager', '$85,000 - $105,000', 'Munich, Germany', 'Product Development,Market Research,Leadership', 'Lead product development for automotive technologies.', '2024-10-29 07:58:25', '2024-10-29 07:58:25'),
(151, 71, 'Network Engineer', '$80,000 - $100,000', 'San Francisco, USA', 'Networking,Firewall Configuration,Troubleshooting', 'Design and maintain telecommunication networks for clients.', '2024-10-29 07:59:49', '2024-10-29 07:59:49'),
(152, 71, 'Customer Support Specialist', '$60,000 - $80,000', 'Bangalore, India', 'Customer Service,Technical Support,Communication', 'Provide support to customers regarding telecommunication services.', '2024-10-29 07:59:49', '2024-10-29 07:59:49'),
(153, 72, 'Genetic Research Scientist', '$90,000 - $110,000', 'Cambridge, USA', 'Molecular Biology,Genetics,Data Analysis', 'Conduct research on genetic modifications and their applications.', '2024-10-29 08:00:46', '2024-10-29 08:00:46'),
(154, 72, 'Pharmaceutical Sales Representative', '$80,000 - $100,000', 'Berlin, Germany', 'Sales Skills,Pharmaceutical Knowledge,Communication', 'Promote and sell biotech products to healthcare professionals.', '2024-10-29 08:00:46', '2024-10-29 08:00:46'),
(155, 73, 'Film Production Assistant', '$50,000 - $70,000', 'Los Angeles, USA', 'Project Management,Communication,Teamwork', 'Assist in various aspects of film production.', '2024-10-29 08:01:15', '2024-10-29 08:01:15'),
(156, 73, 'Music Marketing Coordinator', '$60,000 - $80,000', 'Nashville, USA', 'Marketing,Social Media,Public Relations', 'Develop and implement marketing strategies for music artists.', '2024-10-29 08:01:15', '2024-10-29 08:01:15'),
(157, 74, 'Delivery Driver', '$40,000 - $60,000', 'Chicago, USA', 'Driving,Time Management,Customer Service', 'Ensure timely delivery of packages to customers.', '2024-10-29 08:01:50', '2024-10-29 08:01:50'),
(158, 74, 'Operations Supervisor', '$55,000 - $75,000', 'Toronto, Canada', 'Logistics,Team Leadership,Problem Solving', 'Oversee daily operations of the courier service.', '2024-10-29 08:01:50', '2024-10-29 08:01:50'),
(159, 75, 'Solar Energy Engineer', '$85,000 - $105,000', 'San Diego, USA', 'Solar Technology,Engineering,Project Management', 'Design and implement solar energy systems.', '2024-10-29 08:02:23', '2024-10-29 08:02:23'),
(160, 75, 'Sales Consultant for Renewable Energy', '$70,000 - $90,000', 'Phoenix, USA', 'Sales Skills,Renewable Energy Knowledge,Communication', 'Promote and sell solar energy solutions to clients.', '2024-10-29 08:02:23', '2024-10-29 08:02:23'),
(161, 76, 'Travel Consultant', '$60,000 - $80,000', 'New York, USA', 'Customer Service,Travel Planning,Communication', 'Assist clients in planning luxury travel experiences.', '2024-10-29 08:03:29', '2024-10-29 08:03:29'),
(162, 76, 'Tour Coordinator', '$55,000 - $75,000', 'London, UK', 'Organizational Skills,Event Planning,Communication', 'Coordinate bespoke travel experiences and tours for clients.', '2024-10-29 08:03:29', '2024-10-29 08:03:29'),
(163, 77, 'Supply Chain Analyst', '$70,000 - $90,000', 'Atlanta, USA', 'Data Analysis,Logistics,Problem Solving', 'Analyze and optimize supply chain processes using technology.', '2024-10-29 08:04:38', '2024-10-29 08:04:38'),
(164, 77, 'Software Engineer', '$85,000 - $105,000', 'Bangalore, India', 'Programming,Software Development,Problem Solving', 'Develop software solutions for supply chain management.', '2024-10-29 08:04:38', '2024-10-29 08:04:38'),
(165, 78, 'Registered Nurse', '$75,000 - $95,000', 'Miami, USA', 'Nursing,Patient Care,Communication', 'Provide high-quality care to patients in a medical setting.', '2024-10-29 08:05:05', '2024-10-29 08:05:05'),
(166, 78, 'Healthcare Administrator', '$80,000 - $100,000', 'Houston, USA', 'Healthcare Management,Leadership,Communication', 'Manage operations and administration of the medical center.', '2024-10-29 08:05:05', '2024-10-29 08:05:05'),
(167, 79, 'Product Development Specialist', '$80,000 - $100,000', 'Silicon Valley, USA', 'Product Development,Research,Innovation', 'Develop and enhance innovative tech products.', '2024-10-29 08:06:07', '2024-10-29 08:06:07'),
(168, 79, 'User Experience (UX) Designer', '$70,000 - $90,000', 'Berlin, Germany', 'UX Design,Prototyping,User Research', 'Design user-friendly interfaces and experiences for tech products.', '2024-10-29 08:06:07', '2024-10-29 08:06:07'),
(169, 80, 'Food Distribution Manager', '$75,000 - $95,000', 'Seattle, USA', 'Logistics,Supply Chain Management,Team Leadership', 'Oversee food distribution operations and logistics.', '2024-10-29 08:07:02', '2024-10-29 08:07:02'),
(170, 80, 'Marketing Coordinator', '$60,000 - $80,000', 'Toronto, Canada', 'Marketing,Communication,Data Analysis', 'Develop marketing strategies for food distribution services.', '2024-10-29 08:07:02', '2024-10-29 08:07:02'),
(171, 81, 'Clinical Research Coordinator', '$80,000 - $100,000', 'Boston, USA', 'Clinical Research,Project Management,Data Analysis', 'Coordinate clinical trials and research projects.', '2024-10-29 08:08:13', '2024-10-29 08:08:13'),
(172, 81, 'Laboratory Technician', '$60,000 - $80,000', 'Los Angeles, USA', 'Laboratory Skills,Data Analysis,Attention to Detail', 'Perform laboratory tests and assist in research activities.', '2024-10-29 08:08:13', '2024-10-29 08:08:13'),
(173, 82, 'Venture Capital Analyst', '$85,000 - $105,000', 'San Francisco, USA', 'Financial Analysis,Market Research,Investment Strategies', 'Analyze and evaluate potential investments in green technologies.', '2024-10-29 08:09:29', '2024-10-29 08:09:29'),
(174, 82, 'Sustainability Consultant', '$90,000 - $110,000', 'Amsterdam, Netherlands', 'Sustainability Practices,Consulting,Project Management', 'Advise companies on sustainable practices and green technology implementation.', '2024-10-29 08:09:29', '2024-10-29 08:09:29'),
(175, 83, 'Aerospace Engineer', '$100,000 - $120,000', 'Seattle, USA', 'Aerospace Engineering,CAD Software,Problem Solving', 'Design and develop innovative aviation solutions.', '2024-10-29 08:09:59', '2024-10-29 08:09:59'),
(176, 83, 'Project Manager for Aerospace Projects', '$95,000 - $115,000', 'Paris, France', 'Project Management,Aerospace Knowledge,Leadership', 'Lead aerospace projects from conception to execution.', '2024-10-29 08:09:59', '2024-10-29 08:09:59'),
(177, 84, 'Construction Project Manager', '$90,000 - $110,000', 'Denver, USA', 'Project Management,Construction Management,Budgeting', 'Oversee construction projects focusing on sustainable building solutions.', '2024-10-29 08:10:34', '2024-10-29 08:10:34'),
(178, 84, 'Sustainable Architect', '$80,000 - $100,000', 'Toronto, Canada', 'Architecture,Sustainable Design,AutoCAD', 'Design innovative and sustainable buildings.', '2024-10-29 08:10:34', '2024-10-29 08:10:34'),
(179, 85, 'Family Physician', '$150,000 - $180,000', 'New York, USA', 'Medical Degree,Patient Care,Communication', 'Provide comprehensive healthcare services to patients.', '2024-10-29 08:11:09', '2024-10-29 08:11:09'),
(180, 85, 'Healthcare Administrator', '$85,000 - $105,000', 'Los Angeles, USA', 'Healthcare Management,Leadership,Data Analysis', 'Manage operations and administration within the medical group.', '2024-10-29 08:11:09', '2024-10-29 08:11:09'),
(181, 86, 'Medical Research Scientist', '$90,000 - $110,000', 'Boston, USA', 'Medical Research,Laboratory Skills,Data Analysis', 'Conduct research to develop innovative medical treatments.', '2024-10-29 08:12:16', '2024-10-29 08:12:16'),
(182, 86, 'Clinical Trials Coordinator', '$70,000 - $90,000', 'Chicago, USA', 'Clinical Trials,Project Management,Data Analysis', 'Coordinate and manage clinical trials for new medical solutions.', '2024-10-29 08:12:16', '2024-10-29 08:12:16'),
(183, 87, 'Digital Marketing Specialist', '$65,000 - $85,000', 'Austin, USA', 'Digital Marketing,SEO,Content Creation', 'Develop and implement digital marketing strategies for clients.', '2024-10-29 08:12:50', '2024-10-29 08:12:50'),
(184, 87, 'Graphic Designer', '$55,000 - $75,000', 'Toronto, Canada', 'Graphic Design,Adobe Creative Suite,Creativity', 'Create visually compelling designs for various media.', '2024-10-29 08:12:50', '2024-10-29 08:12:50'),
(185, 88, 'Financial Analyst', '$80,000 - $100,000', 'New York, USA', 'Financial Analysis,Data Analysis,Market Research', 'Analyze financial data to provide insights and recommendations.', '2024-10-29 08:13:22', '2024-10-29 08:13:22'),
(186, 88, 'Product Manager for FinTech Solutions', '$90,000 - $110,000', 'London, UK', 'Product Management,FinTech Knowledge,Leadership', 'Lead the development of innovative financial products.', '2024-10-29 08:13:22', '2024-10-29 08:13:22'),
(187, 89, 'Energy Analyst', '$75,000 - $95,000', 'Chicago, USA', 'Energy Management,Data Analysis,Research', 'Analyze energy consumption and develop efficiency strategies.', '2024-10-29 08:14:06', '2024-10-29 08:14:06'),
(188, 89, 'Urban Planner', '$80,000 - $100,000', 'Los Angeles, USA', 'Urban Planning,Sustainability,Project Management', 'Plan and develop energy-efficient urban projects.', '2024-10-29 08:14:06', '2024-10-29 08:14:06'),
(189, 91, 'Sustainability Manager', '$90,000 - $110,000', 'San Francisco, USA', 'Sustainability Practices,Project Management,Data Analysis', 'Develop and implement sustainability initiatives within the company.', '2024-10-29 08:14:40', '2024-10-29 08:14:40'),
(190, 91, 'Environmental Consultant', '$80,000 - $100,000', 'New York, USA', 'Environmental Science,Consulting,Regulatory Knowledge', 'Advise companies on environmental policies and practices.', '2024-10-29 08:14:40', '2024-10-29 08:14:40'),
(191, 92, 'Agricultural Engineer', '$85,000 - $105,000', 'Des Moines, USA', 'Agricultural Engineering,Data Analysis,Innovation', 'Develop innovative solutions for modern farming challenges.', '2024-10-29 08:15:41', '2024-10-29 08:15:41'),
(192, 92, 'Crop Scientist', '$75,000 - $95,000', 'Kansas City, USA', 'Agronomy,Research,Data Analysis', 'Conduct research to improve crop yields and sustainability.', '2024-10-29 08:15:41', '2024-10-29 08:15:41');

-- --------------------------------------------------------

--
-- Table structure for table `job_seekers`
--

CREATE TABLE `job_seekers` (
  `job_seeker_id` int(11) NOT NULL,
  `user_id` int(11) NOT NULL,
  `profile_pic` longblob DEFAULT NULL,
  `first_name` varchar(100) NOT NULL,
  `last_name` varchar(100) NOT NULL,
  `dob` date NOT NULL,
  `gender` varchar(30) NOT NULL,
  `nationality` varchar(255) NOT NULL,
  `education` text NOT NULL,
  `skills` text NOT NULL
) ENGINE=InnoDB DEFAULT CHARSET=utf8mb4 COLLATE=utf8mb4_general_ci;

--
-- Dumping data for table `job_seekers`
--

INSERT INTO `job_seekers` (`job_seeker_id`, `user_id`, `profile_pic`, `first_name`, `last_name`, `dob`, `gender`, `nationality`, `education`, `skills`) VALUES
(66, 193, NULL, 'Alice', 'Johnson', '1995-05-20', 'Female', 'American', '[{\"education\": \"Bachelor\'s Degree\", \"degreeDetails\": \"Computer Science\", \"institution\": \"University of California, Berkeley\"}, {\"education\": \"Master\'s Degree\", \"degreeDetails\": \"Data Science\", \"institution\": \"Stanford University\"}]', '[\"Python\", \"Machine Learning\", \"Data Analysis\", \"SQL\"]'),
(67, 194, NULL, 'Bob', 'Smith', '1980-11-11', 'Male', 'British', '[{\"education\": \"High School Diploma\", \"degreeDetails\": \"\", \"institution\": \"\"}, {\"education\": \"Bachelor\'s Degree\", \"degreeDetails\": \"History\", \"institution\": \"University of Oxford\"}]', '[\"Research\", \"Writing\", \"Critical Thinking\", \"Public Speaking\"]'),
(68, 195, NULL, 'Charlie', 'Brown', '1990-10-10', 'Male', 'Canadian', '[{\"education\": \"Skill Certification\", \"degreeDetails\": \"Animation Techniques\", \"institution\": \"Disney Production\"}, {\"education\": \"Master\'s Degree\", \"degreeDetails\": \"Animation\", \"institution\": \"Sheridan College\"}]', '[\"Animation\", \"Character Design\", \"Storyboarding\", \"Illustration\"]'),
(69, 196, 0xffd8ffe000104a46494600010100000100010000ffdb008400090607101010101210101515101515151510150f0f15151510151515161615151517181d2820181a251b151521312125292b2e2e2e171f3338332c37282d2e2b010a0a0a0e0d0e1b1010182d251d25302d2d2d2d2d2d2d2d2d2d2d2d2d2d2d2d2d2d2d2d2d2d2d2b2d2d2d2d2d2d2d2b2b2d2d2d2d2d2d2b2b2d2d2d2d2d2d2d2dffc000110800d300ef03012200021101031101ffc4001c0000010501010100000000000000000000020001030405060708ffc400411000020102030406070506050500000000000102031104052112314151062261718191133242a1b1c1f0075272d1e114233362c2f12434438292155363b2d2ffc4001a010003010101010000000000000000000000010203040506ffc4002b11000202020201030303050100000000000001021103211231040541511322813233b142617191d123ffda000c03010002110311003f00ea828821267c49e8843823a344c04d0c1b0463108420010843800909b29e6d99d2c353954a924a2b9fe9abf03ca3a45d36c4e224e34a4e952e0a32b4a5ff001dde67461f1e795fda4b75d9ea19967b85c3bb56af08bfbae5797fc56a60e2fed17010768ba93fc349a5e72b1e4fb126f8b6f7b6db6cb34b037e1a736acbebbcf4a1e9d0f76d99bc877b53ed3e9af570b271bdaf2aa97b9266ae53d38c3d657a92853ec94d713cd1e5cadbd796857a5858c747af3fee5cbd3b1354b42fa8fe0f78c2e2e9d58ed539c651e71927f0274cf07c062674a6a54ea4a125f75b4fb3b1f933bfc8ba693da8d3c5a566ecaac56cdbf1c7e6bc8e3cfe04f1ab5b45c66a477b16126414e69ee775c2dc49a279cd0d9202c7044208706e3800c12608e00260b0c0905003610e312321630844961442050e52104219045a018438860315336cc69e1a94ead5768c578c9f04bb4b87937da0e6d2c4e25d18ff000a968eded4f8fe5e66d8317d59f11374acc3cff3dad8eaae7376a69da9c16e8af9bed2ae032e737a6ee2dfc89b03835377e0b4d17b9769bf86c3f92e1c23afbdfd769f4108a8aa4b461dbd95a860a315650bfe2e3fa16a78649372692e0b70f2a9ab51deb8fc6e55c4357bb6e52efd3cff0022ec7456c6568abda3b5f8bf5336139d476b796e46a61f2eab5a4928257d375fe26bac0430f169ff00138e9a2ec01339faf838a86d3b6da76b34fcc8e942eaf7b7869e05cc54253937bb9db4d019e0decd94fc1a2af542a7d9d17427a48e9ca387acfa8dfeedbf65be17e4fdc7a44247824e5283d781eafd0aceff0069a0b69fef21d59f6f27f5da78be778fc5f346b1767549898106133cc631d0ec64c7000474263a10098c3b198c00621342246408760dc724b15c340d874342082408e5a10e215c45015334c52a346a547eca6cf189b7393fbd36e5293e1c5c8f48fb42c4ece1e30bfaf357ed4936fe5e679bb9a824fda97ba2b72f176f23d4f4f869c899bf63470f4d2d98a7a76f2e2febe64d566e4d463a456fb71ee33a8567276e7bdf24b91a796d0954928ae365dcbebe7ccf4c84acb185c3ca7d4a704df9463dfc59bf96743a52eb549b7d89597b8e8722c8e34e2b4bb7bee7474b0f612b65b4918581c8614adb2b5462f48fa3bb4dcd71de77f0a2478ac3a6ad634e245a3c72ae0b613bab9918e4ada3d57d7cbdc7a8e6f902926e279e67b964e9b7a78fc3c496e8aa397af5b6b496fe0cdafb3fcc7d0629464fa953aafb1f0f7fc4c5c4d1e36ef41613ab284f8c649f9331ccb941c590bb3dee992220c2caf18be6916123e719ab1871585624430e86100040b0ae0b180c331c12464087050e422c3430c124310e8204345a10ac215c4ca0382fb40bcab528ff002ffecedfd27078ba979b6b76e8f744ecfa7b5ad88d3ee24bc6e72d430adabf7a3ddf0a3ff9233c9d8580a7a49f16d25ddbfe1f13bae84e5f7939b8e8b4472186a579ecc56e6eddafe9237f0386cce9c2d4b6adbd6cce0fdd7d4ece3611747ad6168a6917551479665f9fe654a76aa9b5757da85b8735a1e8996e3fd2453e65a691324fb3494419d328e618b70849adf6d0e0b119be6539bd97351bf55463aeeb5bebb0ae42517d9df62608e7336cb61513d0c9a52cda5ab724b86d4a29f9589e1571d4dfef62a70e71b6d2f2226acd22703d22ca9d26ecb4fafaf030b0d4f5b73fafaee3d47a414155a4ddb85cf3751b54b78a39e5d049533d8b26d68d3fc31f82342c66746aa6d61a9becb7969f23519f3d354c6fb1ac30e31003319209884030c13058002d88561086564c7047465658483400e8b4c4c31c1b8e99562085706e34a5a0d303cd7a65072c5d9f256ede5f12862dec4525c5e9e0d3fcbcce87a57493a909dbd58d9e9bf576f89c9622bedd4b2dcb456e07d078925f491335b24a751d34a567a6ba26cdb86718bc3d0a7899ab5094f61759a7a6f95a29bb2f93367a3d9046b51ebad1dfe26ad0e8c4e2bd1b9ed51bdf627ac7c8ec8b138bf921e8fe7b3c4476aa41fa294fd1c2a6cb5194b7c77d9a4d35bd27c0eab2c7d671e24181cad4229349416e8a568aee44b827fe22fccb7425d16332d1d8e5b37cda70f48a8d37274e2e536b745257f33b0abad5bf69431d90c9cb6a0eda704b54f7a7a6a24813d51e7d97f4ab178994a9d05b738c5ce6a2dad9516f6a2f6e0939595faaedaad4d5c873d9d7d1a7c9de2d58daa3d1c9c2fb11853bab49d2a6a0e4bb6dbcbb81c9e14134977f78a438ebb6646671fddcff000bf81e6b4e8ed4e9cbf1fe87a67495a8d29f73f81c4f47a9a95474deb78bb764b77c2e73e46941b65b56d1de745ffcb53d37eabc59aaca393d0f470d85ba2ecbb9da5f32fb47cf49dec99760318760b3310e2190ae031d80c2902003084210ca83828231340931ee00f71d8831d0098e99498a82657c4e214137292492bbda76d09db3cfba574fd2e26a42b49fa3b45d28a934a4b8a4968ddf9eef79b628739536065749f3e55ea6c507b497ad28eef0ec3230507b693e0e37f1fec6e61f054d7529c53d56d6cfb4f845734b77994733c34a8cadeded2954b6bb293dda781ef60e318a444aeecf5ce8dc52a704b923a5a30470dd1bc77563dc76185c4a675c58f22b26c6bb4599795adaa8d97336aa9536eff4ca7d1fc4d26e49493b3d6cd3f02bdc85fa4bf51da66b5095e28c5c5d68ed68d5f937a9a3866d413e638bd9335a4599c4cfc668599e25195986234629b1e35b396e94cef1d9e673394d1f47898cb85adceceeeda772674b8ec34aaed34d7575d6fa81ff004ab2d9df371dad2fbf69bb2ecb3679d9b345271b3a68dfc06a9be6efddc122d346464d8ada4e3ba51d1f6ae0feb91ac790d568c66b6048161480664c486108448098c2620b18cc42438d01450446145989b0621857010e24c17219482c02a8f43cefa6d59cb110a71d6492b37c2fab77e56f99e853774fdc70dd2ba16af46a28ee8a8caeaf7776eef9dac75f86d7d4b60d686e8fc6508ecc15ea3dd37b95f97bfbcd27936cd3c4b9eb5254e7dbbe2f776dede45ccaa845d352a7bfdb52f593e7ddddfa1a50ebaed7d497c9dbeb79d19734a5254351d19796d2f472d95bac9c7b9abafcbc0ea30d56d6d4e2b32cc9519e1935a4a16f14a363a3cb718aa25a9eaf8991cf1a6fb219b72ab1a89c5a4d3d1a7aa651a5d1aa3b6e7464e8d4f69d2b2db5fcd16acfbcc5ce32d9d396dd3ad5234dfad152bc53e6afaaeebd87cbb2fc436a54b1514d5bd7834fcd4be476d1d187c6e70e5ca8eae9e4b87eaca74e32a9a3739d9cdb5bb57b97622f56c4ecaec472788c054b2954c55e6f8534f6977b95cb996e56e7ad59d49c3846a4ef17dae2924d7630165f15423c9ceff1fc1afe994b5453c62269d354f7688c6cd732505abfae263924a29b673c50752f1a55251f5b664d71dc9d8930379454f9a567d896befb90c2a7a5a4dc5f5651766b935627c0d44a85377492a717abb249477bec3e7dcdcedff729e8cfad0f458b56f6e32947b5c6db4bbbff00a6740998d85a52ab57d3495a0a2e34935694aed394ddf72768d96fb5efbcd88ad0c9bd9136330186c0688640cc61d8c40c4c6108062426c6182c0a212050e648d8913064c64c66c603b058842a1d08cece301e96374aed59db9d9dfcf79a222a171761466a86c45387ad6bc794972658c1d5535b6bd57d649f07cbcee0e222acd2d1a71947b2f2b7e6065b1ea54e09ca4d762fef73ab24ee3633cefed271128e2552be9495935c5eff0007bbc8d2e86f481544a3276a91f59735f79191f68715531752a42eb6926d377eb3d64df89cff0047f695796ce8d41eeef89f418147e9dc4e5726a47d0180a8aa46cf544f0e8ec1faadc57f2c9a5e4705d18e936cc942abb3f89e9b97e65094534ce88b4cbe528ee2c0c3747e11d5b72fc526fdccbd2a6a289658f85b79cfe6f9e455d45de5c122a4d226e737f730735c6a5748f36e996267e9a8c549a7b3293b3e6d2f933b5a34653eb4b79cf67392bad8da0dff000d46d3edb49bb7bce2cd34972974695aa4743d14c3ce9e12946a7ad6bdbeea6ee979126429ce8d394bd54b6629f1d976bbf15a79f75ea0ec9228e5b19d08a8545d4bb7192f62edb7197c99e129b926d76dff00d035d049811927b87333361360b62b08040b621ec2b13430041305898c1198e332181485706e399a66c38866332863dc498371ae3b28372b0ce696f6036034526bdc016b6a57e09595f8be6fb891414636424c4e454b25e92d01e73d2cc2ec576e5c755de66f473051756a496b68a5e6eff23ace9c65b3ab083a71bb57bd9af0f8b2af45f277461697af26e53b73d34f047bfe16553c2bfd1cd38fde51cc32993d6286cbf32c5d2eac66fb9ea77347049ef412c8a2ddf64ea1f463e07178baba4aa3b762b1bf97659c5efed343079728adc6ad0a161a40e4558e1ec8ceaf4ad34cddaa8a589a1732cf8b9c1c42322181222ba9ece92f3e0489b6f92f7bfc91f3d3c72c72a90c8614d2a8bd1dd2ff00515fa9bb75bef6edde25fb914525b824472b25ec90610ae51221319b19b158c660b63b6310d8c618710a80cf1c8f685b473a92370db05b05c80948ae6324da05b21da09c85cc61390d722a934936dd92b5eef9b497bda23556fb978b35c78b264fd3162b2c6d03e96fa455df67cd834a307ebcbc381a34b13420b4f723d4c1e9def91fe112e7f052a981938b94debc17040e03077916abe3b6f48a76ee659cbfa8ef67aef56f7a3d6c70845718f4652b1d61f6597e8450751a95ac4f428e86c91161422890674da1ca111a85d83569e83cf12a17d2e51ab8e9b7fc376e1bbcc96d0d26c9a5865256294f0338bea3d393ddfa12ac654ffb6fcd0ffb6547fe93f718e48639aa922d5a2b3adb3eba6bde8969d54f734fb990d78d79bd29a5dec86597cf8ad4f3b27a7c6fec6d15c517db15cc79d49d370eb3b3946367aef6971ec0e198cfda82b5f4b3b69c0e49f85963b5b2789a8d8cd9529e3e12e367fcdf9962e72494a2e9a134d0f71c113642603b62b82e40b626c6670c2b8d7394d8760b633666665886dfa38ffbadee46f830cb34d4503744f5b1caf682da7cf87ea3d384e7be4d762d07c0e0f45a1ad430c7d0e1f07163f6b7f2c9723033cc2ca186a9529ca4a704a6f65eb28c1a94a2fb1a4cea70381a728c64b7349af14418ac1ed424b838b4fc501d1bab2785a0dd93f4714d27749a566afde8f422925d1937b342a60a0bd92354e09faa89ea572b296a3d7b0f65ca3422f816e342253a532c42a1a2a25d923a3ae9e24aa1a0f4a429be43a26c0a95ddac353837bc78c2ec9147b02876868d04f8122c3c5700a3214aa0e9116c8a7082e047b5c9124a68af52a099489d73667e3f14b72155acc8153b99b97b22d239cce6a49d7c1c17b552527dd0a72bfc4d3fd91b2be2a96d663845c2346b4df8b8c51d1c69a1385a40a5b660d4c0f61153dba4f4f578a7bbc391d2aa2994f1b865630cbe3c64a9a2d4ec829d45249adcc4cab877b3271e0f55de5ab9f379f13c7371135435843b06e622326e2da1866cc4dc6a93514dbdc95df81959745ce4e4f7b772ce6d52d49ae765e6f5f75c7caa1a23ddf4ac55094fe74673ecddc1d2d0bf0815b0a8b773d8488614f7339fe853ff000187ee9fbaa4ac6d54a96323a2ed7ec9412ddb2df9c9bf9957a26b669d414221ec871889143241c663a1f60a025862091572054438d063b62d13aad6f14d3f1fa42962b5bf3227458bd00ed8a904f122f4a0ac38fe8c5b1e85b40c82b09a1302bb886907b20cc9198f435cc6a3fb98682ff9d493fe83713307013be3318f92a10f28ca5fd66cc245364d1729b22c4ad092981590df424616295a49f6935c8f314284ae933c0f548d4948d7d836c6b82e40ed9e3b908cc6c66c66c16c123633b3795dd38f6b7e4bf53472d8688c8c7caf5a2b947e2dfe46f65d1d11f4fe0c78e08994bb35f0e89dee22a289a5b8ed24a18da96849f24fe052e8ddd61e9270f46d46ce176f61dddd5d9167d8bf474eb5b7aa7271efb3fd09ba395a5528519cbd69423295b75dabb04b427d9b94e249b02a6896c5a4221710e216c89218592532c4110409e0ca44b1e686b91d69d8854c1b048b5723991a9048563e81687510d449140282c85c482b22f4a253c4ad09921a672d9656fdfe3dff00e78c57fb68d2f9b37b0d3b9c94233a4abce6ade97115250bf186d46117e3b0df758e8b2dad74887d8d746d5363d502930e68d0931f30895684baa5ec744cfc3fb4bb4f1bd56378afe19aae891b18268167cd34232ae33108e83631abff00987dcbe074997ee4308fa9f1bf663fe118bed9b34b7124b708474927299f6b5209ee6ecd3dcd5d686ce534d46118c55a292492e09689084242fea36204f11846c841a1842001c3808400c8f11c4860210305d12449a221081924094422c80594f13c461112e8b89c166d5e528cb69df66aa8c7b22a0ac8d9c91f5508466fb2a3d1d150dc4d2108b5d08a18c5a33268fad2f0f9884799ea7fb0ff001fc96ba266c16211f2cc0fffd9, 'Diana', 'Prince', '1985-12-01', 'Female', 'Greek', '[{\"education\": \"Bachelor\'s Degree\", \"degreeDetails\": \"International Relations\", \"institution\": \"Athens University\"}, {\"education\": \"Master\'s Degree\", \"degreeDetails\": \"Political Science\", \"institution\": \"Harvard University\"}]', '[\"Diplomacy\", \"Public Policy\", \"International Law\", \"Negotiation\"]'),
(70, 197, NULL, 'Ethan', 'Hunt', '1975-05-15', 'Male', 'American', '[{\"education\": \"High School Diploma\", \"degreeDetails\": \"\", \"institution\": \"\"}, {\"education\": \"Bachelor\'s Degree\", \"degreeDetails\": \"Criminal Justice\", \"institution\": \"New York University\"}]', '[\"Espionage\", \"Martial Arts\", \"Leadership\", \"Tactical Planning\"]'),
(71, 198, NULL, 'Fiona', 'Apple', '1980-09-13', 'Female', 'American', '[{\"education\": \"Bachelor\'s Degree\", \"degreeDetails\": \"Music\", \"institution\": \"Berklee College of Music\"}, {\"education\": \"Skill Certification\", \"degreeDetails\": \"Vocal Training\", \"institution\": \"Private lessons\"}]', '[\"Singing\", \"Songwriting\", \"Piano\", \"Guitar\"]'),
(72, 199, 0xffd8ffe000104a46494600010100000100010000ffdb00840009060710101010101010161010150d121b1015150d1b10100e20201d2222201d1f1f2428342c242631271f1f2d3b2d313d37304330232b3f4d3f403734393a37010a0a0a0505050e05050e2b1913192b2b2b2b2b2b2b2b2b2b2b2b2b2b2b2b2b2b2b2b2b2b2b2b2b2b2b2b2b2b2b2b2b2b2b2b2b2b2b2b2b2b2b2b2b2b2b2b2b2bffc000110800c800c803012200021101031101ffc4001c0000000701010000000000000000000000000102030405060708ffc4003a1000020102030506030703040300000000010200031104052106123141511322326171910781a114234262b1c1d152e1f11533437282a3f0ffc40014010100000000000000000000000000000000ffc40014110100000000000000000000000000000000ffda000c03010002110311003f00ed04c2820802082f0af00e085bd05e01c10af05e01c1105a43c5e6210123bd6d2f7ee8fe4f90813e355b134d357755f536994cdf3ea8148dedcea069ef32b8bc7bbf798945bf8dfbcc7feabfcc0e92f9f6147fccb186da7c18e357ff005b69f49c97119a85b850598712c493fc092b095aaaaf69559ac7c2b7ef37ac0ebb81cd2857ff006ab239e81bbded2619c97039ed25aa2cdbb52ff896e87c8db51eb369476be80b07616ea0eabea0c0d35e0bc8f85c653aa37a9bab8f26bda3e202af05e261de02a089bc00c05410af0403820820364c2bc28200bc10a113015044de0bc0457ae105d8d87ebe533d9ce7d5a8a97b2aa6fa0d757d4ebc0e92bf6d768bb1a894d17b465d48e21491a69ccdae662f30da47afa5562ca086dc0bb807afa40d8b66d88aeb7153712fa13ab1f5025666799b61954bbefdd7eec016b4cf267c11558716b5c122df3f94acc7673776ad50ea2fb8b7b841d7d4c0b5c5e6429835f106ec7c14f9fa99172faef59daad63e0b154e4ba122fed3229989ab50e22aea05fb34e5ea668767711beb8a463766c3b39f506e7e86059643441dfaf509dc02ec3facf21f332b33dcdea31b83a126c07b5bf693f35ae28e0e920d0d462c7f4598ace331fbc2a2fdd0aaa7d398f9de05f60890a5c90a2fe2bef392785afef2ec66748a83bc6ea2c3bd6dff00909ce31399b9dd5b1016e6c0733fdac2153cc1f92b81e42c4fcfa40e8f43684d26de43bae0f748251bf73377b33b742aeed3c4280e740c1bc5ea270cc0d75d2e1ed7d406d65de171085bb886fe64e903d1d4ea86171a88b985d88da1570b4eab15722c0b681fa5fce6e818020820802082080620857820221180c4c0326141124c054ce6d6ed18c25336215b9b11714bcedccf412f98e8670edb2ccd7158baa6b12b87a6e7ba3c6fe9eb61f280c54cd8622af6a2e092c3befbf51c9d0163c8ebc394a1c7d662e541ee90c34e762638b8bdea8ac881140165516000fd4e9c6375aaaa3b13e06d45cdb8eb7f580cad57d0370be9fc4818f7772c35ef19a9c065ddb8040eefadc19714f66430d578703c2d039d17602c00b05516f4979b138ab63e8abf81a9d456fcd75379a57d94517d2f791f0b908a3556a8172b722031b4f8a55ae88755471ba474b0ddfd267b19865aaa0d370dc6ff008587acbdceb026afcb81fd8ca74c96a0375b83e9a1819b6a3529b598902fa1be865e65e29a81da624203c6f52fec00d64ac465b535b28171adc6b2aaa65241bf0f53bd034d87ab853602b9363c48049fa4b4a34b0afc5a9bf96e6e9f716995c0e1d5742ca4fcef2d70c280d5caa81f9ce9034586c1a53ef52a8c07343df5f79bcd9bda7b6ed1ae4dac02393afa1982cbea51754ecdc0def0822d717f392330d145f8fe0b1b303eb03b3ab5f51af9c54e63b1fb69d9914712c77490149f127f69d2d5af620e901704104010410406608211300898930cc2815bb418e1430f52a31b00ba753e53cfd9fa12ed73abf7df5f0dfafbcec9f10aa034025ae0b8bff138e632af694ea55e65c83d16c4ff006811b0615a907beba83d748d1c0b54a94c3787f09e4fe7eb1593213448b5ed55ae398b8134193d2656dd6d549b8b881aec8706169a8038097a94643caec140e5696a9021d4a318a984078896c47946d803a5a052ff00a5d3e6bf58b1962721696c2908e2d2e1033d5f2b1d397495b89c9838208fa4d8b51e9c236d8581cbb37d9d205d06a0f1ddd6675320ae6a956de2835ee8d3df809da6ae06fa72e7a4a5cdb2a6dc28bcf840c09ac948d440f7dd555041bee11d25d6539cb53dda7548aa846971de98cc7d2ddaaf45c6ed9eea4120e9d7de5865f4fbbdf600fe123bc0ff000606d31fd85650f4e98651d0f7e919d1760331edb0a149de34cdae7891ca719c2332d62c0eea9b76835dd33b2fc3ea406189eae7d74303520c54408b802082080cc4b18a88300a24c5189818ff0088365a018f3aa07cac75f79ca30182b0aeadc0d56ddb1e3ddfed3a97c4bc4d30987a4cdabd46b2f50071f969ef39ae420b61aa03aba62ae879f1e1ed02ab2da2f46b029ccd981f0b8ebeb3a5e0b2e0501b0248bf094787c1067048006f02be573c26da8d30aa3a5a042c352dcd00fa4b3a66446c4203c7f79230f8956d41168126d0058b42238040637239bb1d2be57805380da538ead3f28b4403947556032d4c7491eb6105b84b0b7286e9a40e1df1132f14f128e82cc4589bf5e313b3987a758307d0a961e62dfc4d0fc4fc38bd26b5fbc66537cd2c63ad33b9da53a2ebcc2b15fdc8b18162944f6d528b777b3604eba30e4c274bd86c7ea6993a1242f4d3f9984a96c4261f10bdd62a1597e7623e444bfd87bb55455e46e7e5a0fd207541162222840382082030624c36898046218c518d981c57e2566c6ae39e983714d3b341d38927d6e3f495585a869d3ac3f2d320fa9b4b1db1cba9fda457bd8362ea02782802f6f7b195b87a8a5a90b775d181f2b1047d606ab2b3bcd87a7d16ef35b8b048dd1329b229bf51aa7101401367a0e3ce0664d02a4a8dee3ce54e6098da6d7a4a5d4f4ef1597d9967215992928765f1316dda69ea7f694b5369829b3e21174e4961f22602f2bcdf177b55565f559adcbb145b46e33275b3436df4a8b505f536047b892f019ba922c75e9036aa45f48e160240cbaaef5bce3f8c216fd60154c75353a9b461f3da03fe416f599cce31341bb8d53709e60cafc1ecfd22415c4ef1bf0d206e30f9c526205ec09e3ca5bb6a34990c265c698b28bf99d65de5d5d97bac49bf0d3410331b6980edaa5216d0541bdef3319d652bf6ca47806c1b5fff0016b8fd66f33117ab73c029991ce2bdebd351e218526ffd371ac0aad9f42d5aad3e14daaa94bf2bf1fade755d93d9efb31663a92a817cb8de73bc027df61ad61f70ac6fa6fb13fe6767a26eaa7f28fd202e284488a100e082080c18930cc4c0232166b8a1468d4aac6c156f26994db5ca0e0ebdf86e83f581cf696013188cccaca2e6e0b5c6b33d8cc18a2154705765f6e426ef27a24e16ebc5892264738a055c21372353adf53c606a76370b6a20db8b4b7c78637dd3afa4564b86094505bf0c92e9c7a40c654c8b79f79dc920dc2fe0f98e728b6bb666b621854ee5c11a58a8000e02d7ff00e33a357a06da6929f178566b8df6b7940c352a2d4f0e69f663b5df2414f0016f0ebc658e498473ba6dba4b0eedf7bd8f49743225bdd893ea6f2d72fc0aa9161e902ef26a5603d256ed355752774122daeb61f33c84d1e0a969790b3ac06f83a0371a822f039757ed48a954d8ee0b9e43c8091367b3faf5ea04fb38a8bda05bef733a09a1c6e4014b0dd3627bc07ee39c7725d9ac1a30a8aa15c1b8f1020f5d4e8605a659989a6fb849b2bdab526ff7281ebe6b3645159410394ceffa3522c180b541c1b9ff00797f81a6c14036e1d2052666966f36207a4ca63298358baea0834dbcba7b89a9daaafd9ee9fcdfe263328afbed53fa4d56d3eaa7def0353b2992d3aed57b45df45b20bf2ee8f63ce6fb0f4b715541242800126e666b6272f6c3ad55737351c3795f81b7d3da6a20188a112045c0104104060c4459893012d20e73873530f5907134dad27c4c0e7797e2bb1c0d30746fbc07a8b311332980764edc0ba7da0fa8ea7de6b36eb2e714cf66a480e5ac38d8ea7eb22e406d48d0a8374eeef052385f8c0d3e0581a687f20fd23a5646cad7ee5074125b9d2047a8b790ead2f949acdc654663883e15e2789e901a775bdafeb2c7074ee41e5ca57e53875b386237c9d2fc4cbaa0bcbca059516206916e6e2161945b8eb03e1093706c3a408188a62fa8fa463ec4a75023d56beeb6e93717e3d249c3db97ca01e0f0fa7ed26aac553114c2073cf899588540bc776f6f9caed98cb191683116352a866f712e76bf027126a1504841a9fc225aecc30ecd454009a6a774f901ce016ce1a871b52cec50a92ca5ae175d2d367335b13863d9be21859aab12be4394d2c0022e2562a0082082030624c51313008c498a89302bf37c21750c86cebc3a11e733f8e5b1b8d2fe2d38cd84abc764a950dc33275b6a0c0adcb9beed7d23f54f010251083741bd8dae78c1538a74bc08598552b60a2ecc7dbce43344f3e7c7ce5cd4a00b03f974993ce36b6850afd8105aadc58053ce04eab85bfa728f503505b527e7200ce6a1556ec982b787b97bc91471cc577cd33bbd4a15b40baa0e4e84dbe7242d337de2cdd2dbd2a69e634d6c48f4bb5a5860f34a4dcfd8de0271787045846b2bc5b2bf66fc7f09feb963dca83b8c058fbcaacee8d8d375f12d54b7ccdad0355488e31bc6d5dd563d044d026ca23598b68a0f3751eb02b73065a540a9b6f329def9f1321643836a94ea6e93dfee83d01e27da5dd4c2abb59903dc1172794b0c06185340000b61a0034101ec3505a68a8a2caa00023b084380a10e1087004104102398986614011261985004104102ab1cb673a71d6477e5eb2cb31a375de1c47195d014c74bf94c46d6e442a9a7885d2ad2704301c75e7366e0dafca442a09208b83032b436da92bd1a389a2680149af54f7a913d011fbcd1e076df2caa828ad7505aca1590a137f512af32c8975ba0653c74bfbca37d8da0fc095ea3422074fc4d3c2bad35fbb3bcc02588bb5ba48df61c2135d5772eb606c45d091c0ce62361d54dd18dc784ef6ab2cf2dd874de0efbd51f781d5c8171c0d81d4fac0467b86c5363e9d2cbea95504f6cd7bd34b1e7d4cdc61b0acdd92b9b90d763d6d1dc065894148b779bc46586169db5e701f458c623082b36eb5c002f706c41e52588ba496b9e678c06b0f86dd1ab6ff009dad24da14380621c210e0188a881162008208204580c1789260082113104c05930b7a2098d3d4b6a4d8017279080f961c0f0950c06f328e4da4e69b6df155d59e8e02c00b83588de2dff51c87999b7ca710cd428546259da8532e4f1625413781656e2230e35eb24ab83c3e71baab0091b4eb19a94d39a8f68139f18552e48b7d2049c3d0a64f096b411546800f4957875238eb26d3627480e9d63e9c22516d1ba9579080e7697200ebac905e6536daa14cb71aca4ab0c2b9041b303eb38dece7c46cc30eca0d76ae838a553be08f5e2207a403450329766f3ca78ec3a57a5a03a329f1533cc196ca603a0c3bc4de1de02a183130c180b8210304089789260de89260026258c11b63f2804c673ff8b59f9a186187a6c03d62454b36a8a39795ff009953f10fe20152d86c2311a90f517c4fe43a0f39ccf1751cd30cec598962493bc7de055576249d78cf4b60296ed2a29fd34698f6513cf790e5bf69c4534fceb7f79e8e403e90010470ff00317da5c7eb78088dd64e6343fac056f8d045d3207bc846ab0e23f710d712205b228326d1512968e2c0e7796546ab38b28b0ea4407eb55e4bc7f4880b0c53b7082f02936d296fe5f8e5eb83abf4179e63c29ef0f49eaccc941a5514f064607e6279a738c0252aa4a697be9cbe503a1fc1ccdcd3c49c393dcac84017fc4351f4b89da14cf336cfd77a7512a21dd7560548e4794eb1b19f11a9e28ad1afdda874dee57f381d1018b8d88a5301622a20454052c10a0810a3389ae94d77aa3845ea4da1c1028717b61864f006a9d0db715bd2f32db53b6ec70f54228a60a686e49e3c2082071e24d4624eacc7da1e35868a0dc28b41040b3d87aa1712a4ff005afeb3bce1cde08203e44416bc38200450d1e4c3087040934914721ed250820804ed1bd2082051ed463852a151af63ba6d3cf598d7ed2a13c40d208204bcb0ea358e6cfb938f0578df5f782081d9e86d43e1bb2ed7bf45859afe3a7e63f89b3c1e252aa0a94d8321e0441040910c4104054104103fffd9, 'George', 'Wilson', '1992-04-25', 'Male', 'Australian', '[{\"education\": \"Bachelor\'s Degree\", \"degreeDetails\": \"Environmental Science\", \"institution\": \"University of Melbourne\"}, {\"education\": \"Master\'s Degree\", \"degreeDetails\": \"Marine Biology\", \"institution\": \"James Cook University\"}]', '[\"Field Research\", \"Data Analysis\", \"Scientific Writing\", \"Public Speaking\"]'),
(73, 200, 0xffd8ffe000104a46494600010100000100010000ffdb0084000906071313121513131316161317191a19191817181d1b1d1a1d1a1818181a1a20181a1d28201a1a251b171a22312125292b2f2e2e1a1f3338332c37282d2e2b010a0a0a0e0d0e1b10101b2d252025352d2d2d2d2d2d2d2d2d2d2d2d2d2d2d2d2d2d2d2d2d2d2d2d2d2d2d2d2d2d2d2d2d2d2d2d2d2d2d2d2d2d2d2d2d2d2d2d2dffc000110800bf010803012200021101031101ffc4001b00000203010101000000000000000000000304020506070100ffc4003d1000010204040306050304020104030000010211000321310412415105617106228191a1f01332b1c1d142e1f107142352627215335382d224a2c2ffc400190100030101010000000000000000000000010203040005ffc400281100020202020103030501000000000000000102112131031241043251224261337181b1f013ffda000c03010002110311003f00e8ea22ccf5715a07a419532bde0ce1ae0c01f7b120814e9a0e6f1f2663939980d0ef4eb1e61be8695332d1ea47950c534ca80d7dc7bde916d94651a92d5e941084c9c34a72239794730c44d40f78177dd9bded0bce25483d5a9d2bf586b1334eade54a5d87584a6cc0d60e3d49be91c8b441151041a90aa3eafe1045a5412e4935649dc690b93562c07a0f083c84929d7e53fcb43a28c2a2752a399def1352dc8151f7e7eb0b49be956340482f7e95786514503467a6c5df28a1d61284683390ce4b1058338d7c748228867d5bf6e910082731653f3d03925dada47ccd47be9e9f6815421f4d048d40e5fbeb13c2b850ab3ec6c2806ed155c5f8f61f0c879f319ec0025cff00d408c8affaa12927fc529571de56a2ced0ca2de856d23a6ce5d52083cebbfec60caa1709fc794722c47f54a711dd972d26ae541f5a5b568261bfa8b8a5ff00eca8ec52453c1460b84be04b475f975a52828d4ebe111528efad8ed18ae0dfd42495a5388966502ccb07323cc5ba98d8cc20870435c1b8ea201d44be26b5a6dcf4f385388ac021cda85f7b795626b5d5c1afd3cf942b8d2288d2a79bfb31c3c564f10b2f4219dbf80cfe7bc0f179586fc8e97b78c0655c39d740e5ef13c417b0b0d685f4ebac7515ac824adc005881527abd34890377d0bdf5b7be862294d482426a497ae8da7d63d45c77ab663b337ed1c30692094f3154daa0d23d9496153e1e0ef1212c0201e413e7ad768f825551e0e35a100b52384204ed534a6cf6b182e14bb3ebe16fac0f0e5c84d69bb383d75894a967313a6d71abd7dde0d018da0935ab1d1ac1b9c492a0490c7cac7a8eb0392583dd9fdb6f0307bc6b5cc0eda337bde1593a0a9531678f501e9a0d795e3d2456b581a83061af3fde0c7f206454c687f9a47d0398a235f7b7a47d144d50698fac9cfdd3b50e8fafa404ca4f2734d478c3084f79daa2b5d4369ef581224025595dd5526edec889339044920900be5ab73bc579439249a5cb5debf910f9a209b9a27676d5c7ba4567f7272d583ec3a168018915b9a66ea1b5b8f7ce179f24b105f71a1863e304b1755d9e84b0fb3c0e7ce0d7249d7e97864515d88cc1980f5bb9f08b2c02b32d88cac1bae9f78af5a5c96614b55c37e5e1bc1bad609f06e90f11a7a0b270e958280e14e49ad39067a691e214014972ec282a5ddebe4d124ab29252c1cb06f98eae49d2fe421954b6412e13999f9b5690364db3d4ac8cc92aabb9207bf62307dafedfa24154bc3b4c9b505574a4ff00fd1e906fea2f68cc995f065a885a877940d4022cfb98e55265120aa800dc397e4f487843b659294fae81710c56227abe24d529449b9fb08f7e0a104854c4ba6e0392f5a02031f31d62782c295a7395177a0f7ee90b9c0a893437befce346160cf979631fddca54a28324039c90b04939587758d49195ddc0ef1a4424aa50d6603a38bfda1a938160a252e9bf4686f1d25a5e7412568639b35d26d4d5bef1d67502978a523e62e9da341d9bed94dc316493324eb2d571be5dbe9ca3352a67c40330f180af0a525ddbe87f11394132919b4776e17c7256290172cb9043a6ca0798f6f0ee38503383eebeb1c1f877149b22605cb56558f23c88d418eafd9bed44bc5a011dc9a8a2906e0b338ff8fe233ca2e2698493d1728041e6c74b337947a67a9ea901fa977adb9523c50abbbf4b7b7105c5a4902acce1befb968163b173a9a02e3ffab34792655882d53d74d0c112403a1d6bcac7def13923bce6dabfe3ed02c3630b76ad76bd0b8d7c2dce08adff005541a59a0b2aa6f5f4fe6073e5bfcdaf32e4e941049d8b042410e6afa9bf869a47b2d370402377a83a1e63f1139890855033d3caafcef06921f3380ec696f7bc75d1cd9392aabb066a783f8408a54c6b4dc0de25f03931eb4a8e5689290e1edf4f081e450130b81a9dcd35816635172fe003d6b046605eaee798dabf684d4493405f51707c20a0a563132759816e423d80a26014ab8fcd63e87b3aabc1760ea492c0fe7df488c84929ee9a56cdae87ccc7a53b5bcae6ff00581c99892a7492dcbcb68410f71a85250c0f705f57d3c0452a95fa456b56d845e712ff00d22189d88e67f1147a56a74028e06a41f38563c344272b2bb1bd052df960d035b6405ae6d129482a577896d813a56d104eae49483e3b7da39163d9ad9bbadbfa5a27216d3017a3576b44d52d19ac6cfd691340bb0a80ec7d62806f07a86a8d73d431dcf90b8f38f3198aca9528bb274a52940fad7588482fde0a605caabcf46a0d7d629bb5338a242d2e6a4791ad79dbca00ad1cabb418c33a7924dc924f2fe3eb119ca025e5018a880fb0d4b6f585ca1d6a3a66fbd079078b206805fc01f53f68d2b08c72cbb3e3c30c829527bd29563ea3c69f587e5cb54cc8025c91de2cd56d3c62ff00b2fc295351908ee9af27dc08e85c0fb372e50a804ef01cc3d0e7581ecc4f9ddd40641675114a0af9b45e617fa6e842559d454e0802cce23a549c3a521806e9115a63b21491c1f88f6666e14f7920a343fbc2b8a95dc6715b6a0fefca3b8e3b08858295a411b18e75dadec682ea90e9dd29b1f084ed4f23755e0e64a4b929fd42dcf9758370fc72a54c44f416524b2b98e6201c4a44c94bcb30171653311f983611398be8a707fec2bea3ef146b0245e4ed7c3f88a272133121c148af2e9bd7d21f993084bbf8dfd7ab88c776150d28077ab01c8d4748d5ce49a50b0ad39f8d47e232d1af64a6a9cbb6ce4eac6839dde0f248a8a9075a0e7485d282f95036152efabb697bc1c8297d8b022fa54fed0282c6e423bc054d5eba5ebeb1f67ff277aba0b6edbed1e49a3357404684c0674a2161b5beb6bd6fa0f283426d8ca256b4672dd7a44e5286f5fdad781225a8248b743bedf98f647d35d4c2b0318200a1e6e5fca862094b6b717a0d63d2404d831d9e3c4ac331140cdfbf28e101ce1cc5a1329cb50593563eb78b142028b87a7deff68afc5821c51a97b79414c642d207781b82ee7e9af2bc7d12cad5b16153ef9c7d0ddd0d256cbcc43b59cbb06d1f5f21019b33b89c83bb57028edf5ac166a5c6651a06b1219856c6b588637e6093f29019851cf480c9a3ce253d594049a1156debdd8aa96820860e412fb8bee21dc5618a46602d5ddc68f0a225549f9466b1377715e4ff0058563c6a8848c383505c87241259bf0db44a794ad2e1f31161d22250a2465e43734a69a50de3c9a721eeb13b57d1a190fb62eb5b5c9714f7b887f0c974aa95657aef08cb91df4bbfdbdb986d140aef35fd47ada0c7e4e9b11c3cbae57a5f96efeaf14ddbe9c1121475240f48d10404e5a69f5fac607fab58e0112e50355125b60000ff005f3868acd0273db30d8175a9b4773cfdda34585427e2249b02186fb9e9b450f082120a8dad0fe07119a62554a176075fa4599963b3b4704404a41019c4686418cc708c4664036a45ee157114cac916c14204b3104988ad715b1280cd4456e2a5c438d71df864225a3e24c3a3b01d4fda3373f88c9049c562b3cc2ffe296aca94f824babc611abd0da2a7b7bc11331054077c027ac730952d48e4f5f1b8fbf9c76496a44f94b324128620549e5ac732e3b2c294909a1087f10a61f4f58307e0125e4baec3f1acb3528258114ad8d7f88e9699808241af8ef4f53d63846127e55248bb8ea0c749e15da03f0cb877bd3d6d129aa6560ed1b09aec1f912fe1f78261c162f423f9d4da33bc3b8a7c4514a5ece7330701b4773603ca3438058ccc2acc2cc35fdfce15328f087a496b16f5fe202b273390e0d6dadbe9a738609cd50c9a547ef781ca209caef62d5da0888f09a9b1766a861ad627870c4949f0d7cf9de23908072872c3c59de3e96e3903ab6bf6a473030f30301b50f23ab34004c2e00039becdfbc1be20f948b501fafa42d95a8d735a780814041f3d09d1fa79c293d9894dbcebb44e64c6714afe371ce0189965f3122ac1ab1d4324442830fc6bf6a479015ca34a6ba5db53e51f43243348d2e2a5b835a16046f5104525f4e87ca06b566241a77455efa8a40924b83f355bf7f7bc0b338551ca7bc5bba5f607a4209929f88a26ec93ff00c9dff262ce7c97cce01a5295804a9542742d4370cf1cd053149687ce53463a58d0faeb08cb9273283b9035b52e29ad61bf82c09ad1986e1ecfbc025af315680e9e14af87a4760a2179c92082925fa6b06972b52904b873cbce3c9e963704b1f0e4dca0327105d8687cfd88efdc679580b2259076e5d6b1c67fa998bf898f525dfe1a529f1353f511d866cc2f477378e37db9c227fbf5ad05c28a54ae4583fd3d61f89aec4f953a2b272592102c75fa9f48fb033da623ac30b4381d1bef1568396613a08d0b267786772e0d38654ecd166bed0c9477539a628692d39bccd879c623816213325a017520b380487e5d219e27da19e86938692ca347087091bb0b988c2392f278b3592fb544a98c85a46ea61e916987c4fc51dd8c2767fb3b3e62fe26294a596372a0092ec729a53600738dc70dc0892465d6fcf9c1946bc8aa57e0a1c57075cd5283a9082485290594dd748aac2760a5e6398020b06ca0160db0b96724b9a9a98e8538049274306933e5ee20c5d2a0356ed9508c0a2449084242520584719e278429c52927454c03a11993f41e71dc38b2c11431c9fb5053fdc83fee1bc473ddbe908dd32aa37130b8c45494d2ae3ebe717dc0259c42540ab2ac6b9436f5f5847b418554b209aa4feafb1e74f189764b1392611562ccd0d2cc6c587ba87b15809d2543e2929ff45a00cb9af94d1c1b88e9dc365a91f317245d9be91954838958427e49473a8b5d42c3af78a8f44c6c644e4e5bba46e3c233c996d0f4a6cb989721df7d2b1f6185454971ecf94010a707562d5a1b7d1e1bc1cca16db43ece9f48362b184cb20129aefe5581fc4b0f177bfe20ab535cdc027f1cab12421f99bf28eb62039d44ea7a7be50acd59d3e60406eb0ee20866e4fe90b7c30c481507ec0b1e51df80a6052029d9ec4d46da40547bc01729eb4d690704394a49e67c3a748f152c66ad4ea77682358928e577a9160011e7ca3e860ac3125fcd8de823e8e1d3fc1773101b72ef5d1f630392b2950fda9cf9d60b35ba39d07de139538b80e72b8a9e5eb680cce8b1b9249d3ba3ef109893504066a7de2429d37da96f7bc78b72189750b11e10c013c5a880366a01a75f384e4cb2900eb95981dbed7f386560354d83568e76eb681e18b97b00284f853d60792ab42ab00026ba1d6b5f28889602ce5a8201a86d4eb043314a709614d68c2f6dfc223316efde09d6c4edf711d635953c63882659081f36ada472aed11031048ab92e7adfc8fd236dda196a331645e5cbcdff0065ad4a0fe013e8233dc77009fede5ad371bdf2e9f9f181074ec12568a7c0a1c10d623d290a711c2b151d016f5a44f85e332b03fa94413ffc69eb0d4e39d2add988e968d574cced5a2cfb1b8e32e8a0420abba4fbbc75ae1b8942d9c4712e0588988c34f5ad0a5ca973102e033a56fde22e08967a131b7ec476804c961eff0043b427245a763f14949753ab61e4259e10c66287c464d833f8c232f8890835812f0e95c9ff00d4c8aa92ba6b7bd1bf10ae56374a2ef884d40944a880008cff000ec9890a989cc00601628ed76dc450cd9123300bc44e9f5f91e8a3b3016f08b7c4c9c5a90e08c349a351d55b32473f620d58fd5c48e2310b0a32cd4e846bf83182edfa1a5826f9837ac741e058312a4b1515cc2e56b554a89d1f6161d2396ff5331d9a62658d0e63f41f58118fd42ce7f4b294f18336584ccf986ba28731bc07854c32e724a6bb75f6d09e124bd7401fe83ef0594a285a09d083146969118b78b3a9f0c9625cb08b121f31d49353ced17128a804df2bf9bb3576fc451f0b254a05831486f1aeb70cf16d8552c060dde2deb7eadf58c86d2e147bdf87ab51e09835b288cbe3502bd39030aa95940199e97f7eeb0c61424a8393d06ae7f631c847a2c5003ee0335c8362dd2092a6d4508077ddc7e6150a51356487e81b682cd9750d5bbdb6bc126c3cd20025b7f384be2b81b1776f1d60d39006cd96bd7680660c45bc2bee91c7220b4b9242bc34f623d54b777240b06e7cf5ac7936852f66a0f2fb7de025556039b1b0ad21d218131b12ed65746a1223e8268f47d403f9d63d8e6836cb62a70c090d5addb41ca249ab121b9914a9fbbc0c22a4d48516a9b017f178751280ebed9a151267b314c2ba8f7f48fa6961a16e7bff0031054b14eaf7e7f93129a970cd7bf841144a79a170cab98530a4124d5ce9d5ac62cb145d0483a0a795600b484800be8d97f300a27813c42030636b9d0ea052f1016bd6a1b678731d308a07ad3a6af084b941b31012a0556a7f3d6058c8caf69b102567510e541200e6951200ea14a8a3e272969c2bccf9965923fd45da9ab08d1f6b65979131a8853ace8eab13c85e339da82e0007e5273276ccedf468e8ec32783053058f8fbf286a5628a54fec8da278ec394a42b450f5f6d0aad3406356ccc5a4d52d52a67c051cab4b2d1ca8fe2ce1f6246b15fc0b882b0f34288390fcc3eed101354858292c4c5949099c1d8056b4f6d07b52a7a3ab36b674de1339339232cceea85c41f8f76573252a1889c00ba410527c19c472a9067e14bca5b03fa4d8f869e11b1e09fd454b7c3c4a4a0ef71fc44fad6564affd73935fc0b1d2245108949ddc924d2b7addcf4867198c5e2080872dfac80001b240d5b5781f099f869c02e5cc0ae40bc68862a54b4d180829d8ee693b4b251e2d224492a550241f211c22762ce2a74f51bac1cbd01a7e63a3ff00503b4899ff00fe34a2ff00fb84580ff5f18e59845649ae3423f061a0b667e46ed597bc0b0a8f86a99308084a493d5e94d77f21ac51ce9b99454cc0d86a069f48b4c7ada5923436d1a2a1441072eba1831f904be0dff63f8885490e6a9a6ecd403def1ae92a2c32b0152eff004f011cd7b073485ad2ce0b16e847e63a261413d454528181a5a32f246a46b84ae28b00bdecc19b4f182482410d7df6714785d0b398d8db90d3c348673b283834ad0ee5ba470c3a9528172d5d0697f5868a8776a03e9f6eb0acb039b0d1c3db51aeb05a9507b74dda159361caa87c3c5b940d49a57df3b4780005dead485c1776b9f5a52ba43257a0513c5680ed46e5ada0129458bb0b08925654003b9d226450d81a5c7d8e90da0eb001635fd26db97db9c7d04aea0b0fbc7d1c8365c95821453a1d5e3d97341604dea28faebb47c14006d1f91f48f8b3bbd4519857ca109045cd4929aeaefe368f578949a81431e4b96121881771f9730be2134a5177a16a57ce0d828fb1d95219c8074f2680cb50000a963bdee0741785f1249a9abd01772030d2249e5662edb9d1a14a258185925949ade861198a2c41eac5e84d7ca2467b2add3c7ef159c7b14b420096c56b22587d097fa0801481710c5218a14c52a49749bdaf6fbc6025cc1350b524b8095029fd41bbc9f0397d4c58f1499f0a44e5392a6292a2ee4abbb7d057d2339d9f43216b51a9a0f2fc43c161b04f7431c6a484c948377fa0fd8c2bc0b0026ca556a93f57fc47dc4f15f14d28103d5bdf9c54e0314b92a246b71f58ba4dc48b7522fd1d9e515ca1bb8f10f1505670f3e6269dd5a87913efc20bff009f98120667caa247422de70bf1ac3a88f8c2b98e67eb48e49dd30b7e5173fdecb525f7f993f70358063700149052411a1ae97075f068cd4b9a4748b1e17c4ccb53283a4dc7dc7383d5ad0bd93d8c4ee193f0c1333bf24aaa2ac5e8588dea2f0538ac64e64ae7ad8e8edf411a2fedce28a248093992af86b0c905472ff91640255950834dc6978438df0b3845cb1f1330539ef20a599452e01a9059c1a0837817317435c1780901b53eb18d9d87299c53b17fb7d4474feca7104294cb55fe5259a329c7783a92b4ce03ba4904f27bfde1612ce47924d2a2a6e5b70c5ec6013b87847ce0a52450dc3bff00b086b192140b8b8b731a88793c492b945228b6aa0ebd1c54ff00c4f841b6b47527b16ecd1cb3800431bd68c2a7d1e3a560d4e297dde94da38e19aa42c293dd20b8229e863a3763b8c99c8efe5cc0907c9dc0f189f2c5ecaf1cbc1a809ae8771b97879be50fd294ab162fad7d62b90ebd28c69f923c22ce5000d1ba3ebecc46cb31c12aead7a1366d3578f65bdd8934fad1a3c96a268fa5fafe625f118a6adab13e9009855cb22dc8fede9094a965275afb783cd53022a19ac79bfde3c994b7bd6d0ca47202b6ca9616bf8c2f9c16672dbde0938b060284e9e30b26e2ac3c35a561dfc8e90ee672df51ef9c7d0149a8624b8e550defce3e8162345f2529a0776abebbdba44c4b7eeb1761ea378199b95857c7ab37ac4920a6a492f53a6e7ca16c992520e50546b66df47f7bc4d59581a5bdfac0272c13ebafda245009a5434700863ea9a0dbf6859744a6a09b3343738f74026eedbc28b00b8d771e7f7bc063c45e6cb7343fcff2229f8ce154b40097cc956614b10f176a536fef588286d4f57816359cf7fa86808c1c9969342b048bd485387eb18a953959532d01cfb727906bf28d97f51d4d2c27f5674a92c2bfa9052dc8d4467b0321214248d18ce56e6e25be891aee4468e256a89723acb012b87a822a431abffb6afc830f18b21d9e4b0172119c914d6a37a38f38bafec4cc42b2960e2fa90c0351c277ea209c6269f8484b6598874725a69b5007006ea8bba89953733078ae16a51511fa43b8d756ea0561de1f33ba70f3281bb8adaae93d01f48da4bc00f828012900026ee492fa31d49f48cb62f05dca8f968ff4857943df5652f1662521495266268a72e0ec452d1038799943a01468c43f5a1bf843b8652a61129601198252a3706ecfe9119dc31092a19969980d880450b862e087e70b7452ac2f6778b2a41caa01494a8d0ec7e61cb7e51d02470d462267c6f8a6761d6c5683552149cca48511528055cad5a078e50b2455ef53d5cd7eb1ace05c46648026cb272542803a6adcc6da8860a69aa67bc402a4620ff6c52b04a11dc2c4a8a331294395140ff67bbc36aed195cb324cb43b5f51ab9163e11a995899333fce1094cc50004c97dc529e954bf7c6bd46919ec7f6773ce330291f0a8e129f8730250145820d92496e74b4070bd01465f699cc5cd0a4576d2fc8c67e74caee23529e0e734ca2c2591973a72bd18909d038f48a2e2584caa6526a6ca17f1dfadfac74680eeac454b7bd7ebe7167d9ce23f054ee40245763a1e62139495c95b84e602a434358e9d2e677e5a4209f9922de29f623a4ad5060f3674ee19c473000b38626d50cc083aa48fa562df08a55a9771503af84739ec87124293f056ac93105e51e7feb7d76d43f28e87c331095866295a4b2838676a11ba5ac7eef19651a35a926acb4c2a2aefa91d2ee7def13502f7b375dbc2d1144b52497ab90697de0a407706e078d5edbc28af64a79724e9415e91e301ef9eb1ece55f4e5f985652d23a6e2faedd21920247d8d477741a8f07d6114249d2af4f7e70ea8b04bd2e7d985c288237ae8ec3583632d1ea58d8d6fd691f41108e4da6dce3e80d8197eb6ddd9add5befe901972940a893981600577bc3a00a8671b4465cbf3bc1a249804a4d49209142c3de9135862f67f3f581ce9453401c6be30412e99482480ef6f53d601c456aeea45ea75f0ac2d3d61ea06c61bc58002456de9eda159c28198fb7f380c284712a27e5676a97e71e67eefb6884f94e5d35d5bc8318f27a8d06baedeb03c94319db952728596265bac0dd816f0cca4c65bb2f2145198be65a8a8922fa0f524f898b5ed84e6c54c44caa4c94b0b3a42c2881d4a0c58601001252286a29400d4308d9e99518fd54b05a4bc2cc5204bf94a4924b8350953b060d66ad0373abd84909999b33aa6962a5af9529461f6fa3382a4ba8047cc492068587404971abed78ca9214cea012907e5a3ec2db86ea4c5d232c9ea8171ac399528ae5a101048a57302521d8b5031b69bc643892c194f44a9c8bbb82011eaf1aae203e74a6512cc54a51729621ff76d2303db0c51cc121212390f2eb41789ca14b0563c972c8c709e0c8994a82875129b9ca4656ff9150114f88c6133f2cc29ee15256417cc52ec1f5014fe9165c3716a952b35520d89f063d1f58ca4cc34ccc4a41555ced53bc4a2b2cd178479250a99340009249a0d9cabe90ee0b133d20cb97a10e96a9d219eca62e5c95cd9ab482a4cb52407700aa9e746f186d0a96998998924122a491d37bd05843de685489f00e24a96bf85312539ec93a13b6cfb6fd69aee3282a94e284007303a0a121aa0b1341b463b8f4b9602569244c0ca0fcb9f2317dc3f17f1e487532542a2b470defa45126b00e58383340a21785c1cc0c7320852b57012e093cc2afce283b41c233e55202563bd992140288480481cc8a067a98d0f660271122648531992946626807cd9812073755f5556018ee14a9c1284abe1292cb4e5201b1503600a80246fa466e187ba3e53fef26c8c14e2f272ec5a66929012592902b724073cc0adbf3157396acc4b31bc746c761664b99fe54778fccc93de232f7d0742526a9a82c5a2b38df6780ff2685055ca956fac68c2463942519519390a0ad58ee046efb27c5660504cd2145b2856b4f9413cabe71cfb0f2d5314c91f328b0ea5fd04742ecd765d12d499aa256b160aa252742c3ef11e6a5865f82d9bee1f895a8e634e5736bbed169f1082ccf68a8c3ad835074d7f1d348b1c35bba7ec6fce329792430b214c7afedf580640c5f99a7bd20cb9ac0f36f5fe217188157b1e4fe7ef6864224c929a8f5763e5ca02c08a860dadf9fac49789001058eb4f6d6855737300a1461503e90286a6324f93e874fcd5a3e852492c5dc9bdf99a52d1f41a1ba9acf8e9ba482fcc6dbc03113c3bdda858f8fa34319585aaf0be2d432b33006f1cf46641810e012e2f5e8291ee44e6243b9db96f585d134b2729722fcda0a851aa810e69f8eb04e64a79ef1700d00f6205312c0d803b40d6a72776d7918f671d1b4850a033a5801c5a10290c0bea219e26e50402c4b69e700912b2a4259c374de034378319fd43e0231196602cb4921ebf2fea07ebe7bc4302ce0568436afb003c1a2f3b4f2d900d6ba0d371eb153834b10da0a31a1d3d6beefb7d2df430faa7f5248ba436500072da9b124b9d8b060f4e90ea01735a84d728b9cc3207b824d337384a5a077412ce4b6bab924834d36f586e710121fe54bb803282ad03fea340abd9ef17645155885252560e6cd50120905c81fa760c455cd7946138ff00112b536549083ffec37f36f08dd711985337e20032b2412d952746076bd7568c06264b05e667055e352c7ab37a473578041d36ca99bc4d7316954eef01fa74039083713c28c89c89bb92c283466de902e2dc34caf84b354a83b6dfcc13ff002c66272b00f40c18048d3c633ca34f06e8cad644f85e1339093404d7a459af870998ac88aa65a5897a66aeb0cf0c4202892d6f5eba0fc45bf6770990a96d734dcbda0a6738d19ce2aa69651aa733b905b953a08dff00663804b12252e64c48499682a1c9ac0ea1e8758caf1bc2e74aa60cad406ce0a9d2052b53572f6eb177d87e3b2461be1e2085148465433be505191b42f94d6efac521bc9d0eaebb0ee171ff0003132a65480af86b56810a3734d4e42fff001e661be16b51515290921cb655b135a16ddbee215e3c652d4f95402832e5d8ee5942dfc43dc166a5725059c074d74292ca0fd083e7b4346315c97f3834704929b433c425fc774ac94ffabd4a5aa14097655f6f18caf6994cd2411de0f4b3fcaa6e45fd635ec2cc1a293b43840bcab1452486e6cfddf17a73037687e6e3fb8b73c6e18f061fb39804a2612aa1048fcfe23a0601b286af2ad5c8d34a7de3373258f8ce960155e45c383eb1a1e14901a834a87f623cee6f764971575c1768ab0d6d4ab6badeda6f161827ce1c5c6d48ab415380c0789ad0f859ef1612e6f78006fb93f43cfed121a432b4bd7709f06260206b6f4d4f95e0d3a7e517fe5e022706006cda1d09fb4142ab119e8153a54bfa7942a48212017bfba1e5e90d63492905c36d9442950185b7a6bf530e5e3a25203bd5f2b79fd4dbd23e8f924800381a9b47d1c71af5532d682f5f5e703c65407b690758259a82b6892d3ddef74f3fa42ecc626892c1c0d3a53c20d8748ca006ad4bfa44662c2487d1ebca3d94b1cec3eb48013e55d41cdfdfbe5115eeedef41037254a616d6d112b72e5fdb39f7bc71d4426b96ad37de9f83685f10acbcdee3689283b84d1aa3ca04a614fac0b1a8a8ed3a5a5219db306f53f98a9e1a8399df9b7370c69cec21aed44eee21aa0280af43cb680f0624abbce0a43b82cc031d39068dde9f1c660f51faa91658727e2500241a15166ab973d756786929cd45299012a25443dc5c0341660d5a40387ca06628a50f9412c6c002fe25987840a762729208cc414651fa75d3a11e662af64d525628b4fc7cb2f502b5a1676b0a001fcf9c64f896153f1404fcaa526f76a13e823592cabe22925d4a2415014abb1055b03b6f14fc2f0426e2b2a8060f416a16b47724fac5b04236d5951dae979a5381f2db901fb4633049ff00204ae91db713c2652d2520306d075f30d187e2fd8f05604b5653a3fd231439526e2d9be4d3fa8578560dc294d4a84ecc090ff8ea62e66828400921ea1d40d3c81dcc5361f0d3a42fe1125c11aba77debe517b82e219a6a50cce15999ae9bdede11a38da7b25caef4ca5ffc0620824cd96c7fec6ff976d6f0870ec3cef8850944c2b6f880200eeaa80be6660e01a31a1bc750e1bc1d1291f1d355104a50a24a48fa03e1478861fb4bfe5512c72862026a06aca376a758d32e383f6aa2be9fd2cdc5f67650af14a9924ad48085a5413cca580eb7873b31996a5c906f2c4d4249a05a54a4ab2ffc54082799311ed6901798064aea1f5a02f4b3c43b26b4a71b2865afc35b29ddc7706534e64bc66e6874e375e32bf8c8a93872516826b8046b0a6256e083ac4705897cdff657d4c0b8b6292896b51fd2927d2375dc6cf4ef1928658226106819c3ec6a29a8ab3728d2f0a2404b0f21e3bb878a0199785c1cf5556a41079e5b7a08b3e173a957657a57a7bac78d37db3fec60cdc6b1834426b65497a1bbde877d21c4a8b8772c924e9afe2b15b2e6b4c48b66510f7b06d7768b1972fbc4bd72b5b40626163848af437f778565286549039db5686a7a92906f6f5a7e61096beef26fa0afd60a156804f4b86cde7a885a59aa46f7df9748395d4f3a5772d6814c0eabbd007f130c8aa7e0f11298e62035dfa5c523e824924822e079eaf1f473606fe4ffd9, 'Hannah', 'Montana', '1995-03-15', 'Female', 'American', '[{\"education\": \"High School Diploma\", \"degreeDetails\": \"\", \"institution\": \"\"}, {\"education\": \"Bachelor\'s Degree\", \"degreeDetails\": \"Performing Arts\", \"institution\": \"University of Southern California\"}]', '[\"Singing\", \"Dancing\", \"Acting\", \"Songwriting\"]');
INSERT INTO `job_seekers` (`job_seeker_id`, `user_id`, `profile_pic`, `first_name`, `last_name`, `dob`, `gender`, `nationality`, `education`, `skills`) VALUES
(74, 201, 0xffd8ffe000104a46494600010100000100010000ffdb00840009060712121215121212151515151517171815151515151617151517171718151816181d2820181d251d151521312125292b2e2e2e181f3338332d37282d2e2b010a0a0a0e0d0e1a1010182b1d20252d2d2d2d2d2d2d2d2d2d2d2d2d352d2d2d2d2d2d2d2d2d2d2d2d2d2d2d2d2d2d2d2d2d2d2d2d2d2d2d2d2d2d2d2d2d2d2d2dffc000110800e100e103012200021101031101ffc4001b00000105010100000000000000000000000001020405060307ffc4004010000103020305050603070304030000000100021103210412310541516171228191b1f0061332a1c1d142e1f1142333526272b24373821534a2b316c2d2ffc400190100030101010000000000000000000000000102030405ffc40025110002020202020202030100000000000000010211032112310441325113812261e114ffda000c03010002110311003f00c2ca25352ac843a5129101003814b29a95201414b29a942063a500a1128000e4e94c00a7b1a4f0ee554005dcd2cae8e6409891ebd4ae604e808fc8a280781cd2652bbb69b40971f04ae8d5b6f34e808a8413279a14b104a494a91200944a10800944a442601289421001292508400494244a80382122100390910801c9534250801c12a6a59480721a426664d27d6f5490ced9b7a1ae8faae31b93e90f1f355405953aa239686fe165d30d4db6ef5583b3d0ea3e49f87a8e99e047cff44c7458d7c26505c75dc380bfd955937d7456f5ea1708dc3cf8aa3aec330121d1db24df87248c3c7ed6518c8fc51d175638eb29342a3b2131b5415d0852488842120048952260084210009108400212254011d0925080152a4420054a9128400b29ae85d1c235d577c160cbcfdc8f25690ce5fb398cd063e4b8bd8ee4aef178239437deb6fa030d078b498b159d01cd7163811131c64ee5543250221746b01d541682491eacacf014e4817bcb7bc091dc52b2b88aec3b9c27583046fd3e6bbecdc376b211ac7ca4cfcbe6a4be939ac75ac60db97af05d765e2036a02751af7c367e65015a2356ac5b0c8b999fb0f0559569970cc379bf85879ad4d6c0b6a80f65cf9988f38f1559430b95a411a98f94a01144699bf11e3aef4536971037fa957b83c347c42d1bc779bef1129d87c3b4566800024923848bc784c201a29a9d32376f4e6f4e8acb1ac2d76e065c08e6094cab4816b374033c2e7eda24d10422848409b142862152254890021084008842130042108022a1221003a50910801ca56159d973f85877ea7d7151177a331ada53433ae1e8873ae7c168b0d82a549b9defa82340d63aff00f2549b3e03875e27e8b4d8c607b0091004d8c1ef73969406636a6d015243743620937e048e3cd47c3e1739974fae2a7d5d9801983eb9c05de9d28d7a2ce72a3a31c532351c0efdff007d5486e1f21d3e9a2b3c1d1531f83cc05bf459723a1c48383a800735c2416c6ed7e13e20f9aafaf868ed0d6234e73f4f257dff004d22e175a58124411f099f5f2f92ae665f8ca1d8f8c7520e04489f104dfe44a95b41ed71ca3f110e69fea1f178ccf7853ffe972606904fe483b28c837eceff0097d7e49f3d09e3de8eb468b1e0988ddde44150717b3be170f89b71cc09b79abdc161030471f34b59a2214b97b345055462b1e4c071d43af3de3e76f1516857907527847d568f69e146474013623a8fb83f254d830f981e620f710b58cace69c288551adde083af3ef9fba8e4de169313b10d669735cd2f02728041f0d7bc7cd67aad2734e52208449190d42250a040848840021084002108401092829b2895431c953652829087052d966b5446ea148a7520c1d0f0dc78ab88cb2c3911302fbbbd5e612bba2036988d6c3c49d0752a85a4b61c2f63e7ebc577a38a92274998dde1bd58cbbc535d5199cfc316b408d26f7bf3fc95331d2ee961f75758eaf99924da2009e0353eacb3d827e6713e82e7cace9c28d0e1068aea8315260df1015d50ad202c2ceaa26b29a90da438266144fad54ea606f0ad11221b6846edff0092754a51a052499303c7720b207aba60417d130a0e2699ef1c159d71eafa286e6ca86ca45657607b48e5c3c1666ad2caf82249f1eee3d16b5f6361bd436ecd15dcf6385ee46e21c39ee3137eab5c6f673e5d21b85c532a0cae07308bc906d69238fa959edbf4c875e3a88bab5a388ab44969bc18992088b410743cbe6755cb6a620bdb2e0d8f5add6e72b32b174e5daa53813cd7050c4084214881225420044a912a00af944a442b01d2953014e4863a57763b97d6147695d29d58d44aa88121d8926c74dd1c14ad9ff15f41bf82821e3f2f5aa9149c640e37eed55b291738dc5676c8b347971ea544d98097133ccfd143c457b6bddf929bb39d0d6c89cd7237f068f3f05cb90ebc5a46828366fb8772bac1b6469a7d7c952e07133199a4ce9945872b772bfc1653f0f81dc56691b7224d09912d3d75f253999b710e9e3f429d8416f94ca5acc2d70e733b95513cac56533c9bd3ee523a770ef365d813c13bddefea9d13641aad71e13c1437d38e0a7e36bd3641711ac46ff05558ada82feed922e49262dc47152d14a445c5360a651a995f9e6edbf51a11f5ee4dc4e201f99ee557b4aa168cc0d88d39c2ac6e991955c4edb531ad7b8bc08245cee701a66e634df68e10a8aa6386ea6c9e93e620750a38c493bf43e129d8100993702ff693b9749c4d1c31e4cc3841162071e1dda288bae2df2e3c27c79ae2b362150912a420489521400254884015a965352ab01414b29a965031d29ed705cd296483c87d422e8a8ab743c88d08ebc948c341f017f92ada324c19572ca1907ae91e6afd1554c878a3bba857db169977416dfa69b95056ed4f5579b16b1c8e33000d74ebbd73b3a17745fe1aa5c344090001100743df329b530d5e4ba9383870bc8e8bb5134cff0011ed634d9a5ce0d1cb553e96d5c107f66b31c6f394c8b6a645a14f265f143b626da78396a0833106f1c485aaf7ed2165f69e098f6fbfc3b812db91c7a15d3616d135865362116156698541078d942da18b7c430c1e29f5bb2d0ab012f37301161c484fd9cfa849a8f25a66cd8f19e3d1706e0321863891780eb9e3a772b1abb7f0d48863ea35b3c48b75e09062a85504d2a8ca840d5ae04f3d126ec692f652d50e8ed58c48124f81f0f15071ec2ea45d3194cf70f5e6ad76b10e6b638f7e8aaaa3ff0077501d4eee907e6927b06b4cced0b1be879fe6a5ba9c0306444c0dfd4a6611b98e92de7b8cef3bb72d2e036682e072e5105a5a34232b8cdf7d96f29d18470f23192912a448e50421080042108004210802ae5129b29656831c894d4a1201cbb5075fa88f15c4270498e2e9d9ce9901f3fd46dcf5e8aef10fcc41dd137f5c5516344381fea13df0ae58e01b2d22e37de0f023eaa96d1b4d54866cca26a3c377efe8af30d80b6406e66d10759baa5d81522afe6b61585daf66e9b93c4eff000f9ae69f7474c36acaa7ec6cd26439e083150c5bf91a782bcd89b380681886b486b0b18d7640466797e673dba652e3075852f09529bc0262778206bc8aedfb330ddc440325a044c738954b2b51a13c3172e4ce3b3702290a8e6b8fbb01d699bc5a2d7d542f67bb388744fc227a92ae76be24368868eccc40d2dd167765552cc41de5d1e8acdba345b66eb10f968955b8cc234b65a5c08b1bda3940e8a5d570ca928191946b1237491bbbc2a17467b13b0039ac7d26b43812e926fa82dbc1b8237a8dff004005af75521b5aa3f3075380e61e2d200ed126f02168a941902d1a8237ef91ebea80d68d009d64055f97f8f123f12e7c8a6fd9aa34b455327791bf74f255d8f606e61bef6eab48f399e4ee6dbbcdcf90f159ddba3b461651f91a4ba640f65e19586612d71cbd1da89ee256af1b5c31955f6fddb5de3960477b9566c6c28136d1e7e9f649ed56200a0f83f1d50dea1a013e416b2f9111d63b310522529159e78212254084421080042494a802a652a64a55a0c7a54c094200784e0981382421d89a39b2f311de173c3567090641123f35270e6f07483e3e828b59843fd6e447ba3a5be51b24ecf743efc7caeb79b37120b803fcba7004da160b0f777dba2d5ecdab395d1a8f2fd561916cdb0bd1a7a3866b8c9ccd77f334fd0daea7616831a7319711c7f250706fdeac1c434667406b6e54246eca2f6831d0eccfff0088e8a3ec2a65ce35379deaa7178ffda5efa9c4c37935ba5bba568bd9800000fae09d0917c5a484cc3558206f9b15614e90cbce0faf25555a9f6bb936856996b8ca21d7f85dc472e237aa9ad45fbdcc8e201693dda4a9f86c6676c1d458f72e18a26129045511dae01b0349f29de7aacee308a958817b8bee006f95738aa832c0e24f70127e9e2abb6301ef5ceca1f048824345cea3c1287629f545ae0a183b20b8b89811ab8ef599f6d2ac3a9d1992d05eefee79fc96a2b6d01473d4a803435b600cde46fe24af3ac7e2dd56a3aa3b5719e9c0782d12f6cc73cea3c5118a44a9159c608421020488420010910802a25129a956a31d29c0a6250901d02705cc2782908e80a4a8d248e44148139d5036e4a114a4d0f16368b2b5d958d8ca3d7ab28942907b33ef2df9dfec7c173c1b7b6d8e3f29fd54e5474e291e89b3aacb478293b665d48b06f11faaafd9e03199dc61add78a9c314d70b88b5afce3e5a9faac523a252a3cd3114aad0910601b702255dfb35ed180435f68d2755798cc18a840806e3537313e034f150a8fb3d4df05ac10091a47537f5657a33b7768d033da26459dc570c3e32ad6786b1a449f88d87e699b3363b041c835eba6efaad2e1eb31b6035fcfec950f9ff4447e1cd27022e0882798de9d8974899526bd5cf9b78027c3f25598e30d91e3c94345c6456632a70e3703f960fd825d9d88a6c04bcb6e6483a5a3ea1732c2439c4c4d87aee0b35b65e7335bc1a0c7f776beaaa0bb33cb3e34c91ed16d815dd0c1969b4dbfa8f1fb2a794885a1c529393b6084244085488420408424400a842100522548956a3142704d0a5e070352a9cac6cf13a01d4a12bd213744709f046e3e0b5543d98f76dcd51c09e5e5c556ed0631b60091c657447c7756cc5e6fa33f5eabc701f32a3301b999ddaae98fa9784b459d98e53e294928e91a41decb8d9cf8a64ff290deb3e7bd4ac1346661e04e9ce207cd556cec406ba1c6c601e92ada892d26dd9e9bc41b74b2c26ace8c723d031d83cd8669077b6fcb492b235b195a9b9d62f11a8136e9d64db8adb6c5c407d022f1731c08237f455668805c2d1bba6a3eddcb92e8eca4ccee136d30b887180601cd62379d79fd168365e35901a5e3411780353bb5b95c5982a4f2039a0cde4816175634bd9bc3403940ee8bf726a8aa55b3ad1c730170ccd00e9da1238a60c480d8f78d9b9d77952697b37444c35a7a927f4d1717ec3a0cb96349faa6ebec5486d0c7e67766662f1be37c29b886760737030784fe69acc30905a0020c69bb82ebb5ea34068e634eaa6c9aa2b31166800dc9b6fd4dbc96276a56cd55e44466204690dec8f900b6c7e2d632b6c7faae34df6cdf250ff61a0f782e6b1ce3b89bbb8580d79fcd75e1c0e51b387c9cc94a8c5215efb47b1852fde31ae6b498734ccb0f1fed3eb5544a6707174cce324fa048848a062a10840021221002ca12210053a7d2a2e759ad2e3c812b4787f64cd8bea0e6d683e7f92baab4a9d0606b5a001c176c3c76fe5a329665eb661ff63a80805844902e38af46f66f670a54c12d30396a789246f54bb1c07baad72011447641d3390609e807890ba7b07efead5ad56abea3da29b4365c4821cf765b4ff4989e2b78638c0ca5373341b4e9c004dcff002ee1a5a3a42c3ed5a84b8865dd7198e83a7c96c76cbdd6a4d7026e5ce1b81faebe0a9eb615a07af45639f3f17c5766f830725c9f461b1183ca09264a786f90fa295b70ea06e5c983b2d3d3ecb04db56cd9a49d222546fae6acf0588cec693c0877903e6a3d6a4a1619e69d48dc4891c44cc23b5435a67a47b378dec399307301ada0d81f000ab0825a24da227ae93f7593d9b8b008209b8806c7b462e7a5d6976763039c5933bb4d41812b9e78d9d10c8ba2439ae07365df232fe7ba2159e0f144db2c1efdddca35278870e04f09d0581eaac3058719667c3d68b3566ad21d5ab3b76ffa6fe7bd7192e37f5cca994ea8d374c78ae606b1607c90c109498489dc640e76b9f355b8faa4bdad3dfcf4b7ae2a754ad939eeca66fc20f2594dbf8f33d9fd35fccaa8c1b3396448a5db5ed0d4a759cc1f08913bc932095d28edb351c5e60b4c1d26371113a652428d8cd9f9d8e3bda27d7c9433ecfd5f76dad441208981ac72e2bd2f1e56abe8f3bc855fcbecd2615f528871c3cd6a00b8be89bd4a7c5cc3ab9b1bc0ea3f114a9b368e259efb0ce691bc0b418d0b7f09f91596c16d0a94dcd2658e06cf12d239d95e6d2c61616e328e515040c4060863c12407b99c49b13fd40ae99c6d6ce58bfa2b5b4cc904111cb4ea354d14c9d3d6ef5d55ced4a94c915435dfbc635c1bbefd9d38c8ff00c5551198c37334c8b360df7927502235fb05cd2c31fa2d6591c882122955b0ee982e19a27286920026c0b875fd570148c88332622e2375c916584b035f1d9ac7327d8c4220926447002f3c2feb428594a0e3d9aa927d0a9109148cf43af871964686f3ba0f459edbee869e8ba6cedb1eed81ae0ff77c5e64b7488de664db92e9ed265751ced208235d74b2f5d3b380cdbeb966cf86c835b10e248fe5635a23c41f15a6f627107f64a8e24dea06003f91b4c3437c43fc56736ae0dd4f0f4a96f6b4bddfdf50e63e0202b2f62768b1b42a53a8f68cb55af01cecb62d89b9122c7eba8471da2afb2e5cc235d4ebfaa8d8ca7657984a3efeec7b5c393a41e9162a2e37085ba85c3e478f5728eceef1fc8ba8cb479c6d16125e38129b8419a991bc48ef171f456fed060cb1f9e3b2fb1eaaa70167387307d782cd3b89a4954894ca799a0ee2157e3b0bbfc55b60db199bc0fcb51f25d6bd091d47ad145d31a45051aa5b6dcaf764ed60c378d0eee50078c1ee505d83ddbc28eea25a8e65fe337d87da4d7c383ac5c39d8fc434b19d254d6ed61393e188d7a0bcfadebce68621ccd0db5efd14da78c7b8887ba74337f91f5a2528c58e329459bd663a089d099d0931316b29436ab1b21c408f8798b937f2e8b0d4aad68ecbadb81d0744988739a0d47b8931bce83e9d142a45be52fe8b0f687da0f7ae14689225ed970b187182d3dd75cf140981faf80557ecce1cd4a86a384c4bbbddd96f8005596d7adeef291797b4475bf9056decc6912293c1263f13437ff203c8adbecdc186b00886c0000dc22d0b0fb2f0f9b14d6f1748f024792f4ac38823fa47cd7678aaa2d9c9e43b924623dacf669b05c1b137b2cde13085955b4c8243ff007640feb1967b890eee5e85b5b6887b8b5a2563b19b429b1c4b5cd2e162e170d07f0b23f88e22458c5f79d3b1caa3b38dade8aca38734eda12d06f7ee262da4c0efe4c359cd868691733d912e2e8d05c45f4fcd77c45571ca4c88d33eee1c8de247824a4faa48f8de648b09889b924651049f1eab0516f6c77449a4e7910603ad1a13a7c3e47a05cdec7bcd83498d416803427310ed6fa42895a8d519585fda27e167e1248805dc647775b26d0354b83407927523b502f3f06a79fea9d7d0968eecac3343ae418865cb608b8220027eaa256a45a1a6233098bc7221c75075d4ab2a1826d370b06e607b260bcebf141e96e4a76c98a94d949b4e44cbcb8b4921d24fc36916bf23a6ab29635346909f166690b5ff00fc6a9fa71fba163ff34cdff344c9bebb1cd80e245a249b4de000277bef2a761a990c906d21c7b799a5ad319b99b7c5d38caeeda4f7768b1f9ba096ea6648836ddc49174cae1c5c3e32e06258e693604019ac45f299e07a05d76bd1cb65ae2d8caed197e220cb4eba5c8e237ac763767e578041871d784e8af5d860d301950110419b35f2e0d2204089226371b410a6e1716c7068ae05c10ed328936993a4117fb854a69e98193d97b42be0aa676488b3da747723cf9ee5e9db2fda166269e60330b070fc4d27738791deb13b4f6435aeca1c23fd3925a1ec6806ce163adc6b69554ec2d5c3bc3e93cb1c24489ef1c08f8788b8e21252a74ca375b6704caac7341e601d41f5bd79f86965520eba1e70b57b2bdaf1d96e2e9c4ffa8d12d3fdcdd5bdd3d1567b5d8268cb89a2e0ea6e3f134cc1fe52573e4c4a2ee3d1d98f2f35c65d9c818731fb9d2d3d45c7c89f05659274d792adc343e9386f1db6f32dbc784f8ab1c1d5cc01e2b9246e867b81227a7dbecbae2f65da45c7cd48708238180794e93eb7abdc03333721125bf31c56523783f479ce3b0f94ab2d93859023bfecaf76aec1cce902dc945c49187a5691d75252e565f1a25452a4d1ef1d2e3f85b73f97559fdb389f79a00d60b002f2e3c4ef84dc25275612e710d249791a988813bac4aef4f0bef9f4d82cd98006e6c5cf58bf82d231a3294ef45c6c3c2fbba00ef7f6bbb46fc84f7aa5dbb566b536f0977d05fc56aabc35b0340207401641a0d4c438eb0728eed7e729c7eccd9a8d8b0dc55126dac9ff0089b7c969f696d26d361ed00ea966f4de7d70592c4bb2bdb1a8bf7c2e55694b5d5066377073dc60661a3adfcad045f527880bb7c69540e2f27e442da98ccf99ac3fbb22e6ed2e240f8cf7d869d62543ccca43b2039cd8398dc83c780ddbb5f949aae0df8a0b448caf2e1adf31de4c89fb68998769207660099711771711a0133c7c78adb97ece6afb7a38bb04f77ef2a1bbf5609cc1bc63a089222372ef57de34168193b2331cc7313c5c4fe2e835e4bb32a819a934fbc2f1db7124731266daba448f8f5bae75aa8f783de5498130002d9ecda4589870bf0ddb93dd8bd1d7058560fde557075cc0691949e3fd4663773dd2ac9d880465687cb0b7401a48378e53331be3bd41fd94546b834b9a4c7f71920e5738df404c01bfbd76183a01939407412d0d91130f6eeb8d2e78dd269325ba23e272b9a0d6716b8df2b6f6d21ce020dccc73216b3d9ad9a69b054710e2f0d39a41b39b713941d62dc96385025e5c087933973449ca607684b47e11bf7af41d974b2d0a601261a0824418d466e7c5115b2e23bdd37821190fa250b528ce0fc7fedfff0085028fc153a1f20842e288df470a7fc63d5ffe4f50769eaefeff00aa10b78f66687ed3f8297fb87ff5052ffd2abd29ff00884214fa2ffd29f697f01dfeeb7ff5a6ecaffb6c675a7e610847afd3348f7fb41ece7e1e9f7561b27f863ab3c9085c33ed9dd12d2bfc27a7d55aec5fe28fec3e612a164cd63d969534ef58df6bfe16f5488531ecda5d15fb27fedebf43e414ed8bfc4ff8b92a16afd9cc5bed0f83bcf92caec3f8ff00e65084974c6688ff001dbdff00e25466eb86eb512a17678dd7ece1f23e5fa2257d474a9fe4e52f1fa62ba9ff00e8950b55d9cde915db1f43fdeef20a3d7dff00ef33fc5e842a7f22a2682beb5bd7e06ac89fe1b3a9ff001621096114fe45eed4ff00b76f567f8b96fc7d12a168bd8a0704210a867fffd9, 'Ian', 'McKellen', '1980-05-25', 'Male', 'British', '[{\"education\": \"Bachelor\'s Degree\", \"degreeDetails\": \"Drama\", \"institution\": \"University of Cambridge\"}, {\"education\": \"Master\'s Degree\", \"degreeDetails\": \"Fine Arts\", \"institution\": \"Royal Academy of Dramatic Art\"}]', '[\"Acting\", \"Shakespeare\", \"Voice Acting\", \"Stage Combat\"]'),
(75, 202, NULL, 'Jenny', 'Sparks', '1992-10-12', 'Female', 'Canadian', '[{\"education\": \"Bachelor\'s Degree\", \"degreeDetails\": \"Graphic Design\", \"institution\": \"Ontario College of Art & Design University\"}, {\"education\": \"Skill Certification\", \"degreeDetails\": \"Graphic Design Software\", \"institution\": \"Brilliant CO.\"}]', '[\"Graphic Design\", \"Illustration\", \"Adobe Creative Suite\", \"Branding\"]'),
(76, 203, NULL, 'Kyle', 'Reese', '1990-03-04', 'Male', 'American', '[{\"education\": \"Bachelor\'s Degree\", \"degreeDetails\": \"Mechanical Engineering\", \"institution\": \"MIT\"}]', '[\"Mechanical Design\", \"CAD\", \"Project Management\", \"Robotics\"]'),
(77, 204, NULL, 'Laura', 'Palmer', '1985-07-15', 'Female', 'Australian', '[{\"education\": \"High School Diploma\", \"degreeDetails\": \"\", \"institution\": \"\"}, {\"education\": \"Master\'s Degree\", \"degreeDetails\": \"Ecology\", \"institution\": \"Australian National University\"}]', '[\"Environmental Policy\", \"Field Research\", \"Data Analysis\", \"GIS\"]'),
(78, 205, NULL, 'Mike', 'Ross', '1991-02-20', 'Male', 'American', '[{\"education\": \"Bachelor\'s Degree\", \"degreeDetails\": \"Computer Science\", \"institution\": \"Harvard University\"}, {\"education\": \"Juris Doctor\", \"degreeDetails\": \"Law\", \"institution\": \"Yale Law School\"}]', '[\"Legal Research\", \"Python\", \"Java\", \"SQL\"]'),
(79, 206, 0xffd8ffe000104a46494600010100000100010000ffdb00840009060713121215101012100f10151012150f0f0f150f0f0f100f1515161615111515181d2820181a251b151521312125292b2e2e2e171f3338332c37282d2e2b010a0a0a0e0d0e1a1010172d1d1d1d2b2d2d2b2d2d2b2d2d2d2b2d2d2d2d2d2b2d2d2b2d2d2d2d2d2d2d2d2d2d2b2d2b2d2d2d2d2d2d2d2d2d2d2d372d2b2d2d37ffc000110800e000e003012200021101031101ffc4001b00000105010100000000000000000000000301020405060007ffc4003a100001030204050105050705010000000001000211032104051231415161718122133291a1b106142342c11543526272d1f0073382e1f116ffc400190100030101010000000000000000000000000102030405ffc4002111000202020301010003000000000000000001021103122131411351041422ffda000c03010002110311003f00f1cafc12d4171d823d4c313b1943a94cceca4ba00df78f948363dd39a3d47ca468f49ee99216a7b813c9f405d5c7a4760baa0fc3091438beff00f147a076510f0fe944c33b6498d30cf16f299580f9293a2ca1e31d7f014c7b2a5d022d2a5d20a1b1f756344b4d8d95326236a32c82dc38254baec81368e6814ea09dd4a1ba02fa309d4ec09ea8c5e379b26bab3408defda13b2a90178076b15100b952dee69da45d08d1e22e3a2a4ccd8202ea69770515adba94fe0931a058a64765154cc49e0a2109a133972e5c988e4a1225400e094ede120294a434487b888466d4237ba25760b4a1567dc0e814d95d0ed2c26e20a4197823d2414160f59f28b827fa80ea9882e2b04636e0136a610fb30ad5d8822788e49fac1682458a8d99a6a527dccc0ec52e1a8c113d55d35a08b1ec874f2f7122d646dc0d4111fda8d310a06330e49b720afaae5f0d1cd57e23d2e8e8a53135655370a41447308ba955ab06dd437e21ce3100fd38595a6d90d240aa4bb73039764ea78707731d513d954ed6e0200f2a452c03c8925df3fa21c92f4145bf013b2f11e9a82796de545735cdb39b3c8deca7d3cb9d3a48204f32aea8e5c5ad889eea1e451f4d2389cbca32c06ab0b18bf01d10c823a19ecb4988cb811ee80557d6c1c833208983cfba71ca98a58648ae65583ea122770a5ee41170a03ac79f4dc76e88987afa4f4b78e6b4334e8262f740064dd49c50951dadba1740c47b613518842d2aac5422e096124204284e3b2684a5202db316ec428d5771d827e26a6ca3d675c760a62692383bd47cfd13b2f32f082c77a8f945cbcfaa7902a8845954a9ba254a9f861407bec8b55ff8616746964ac1d4b1e854fc263e081c153615d01dfd3288c77ba9486b9350fcc1845c05499bb4132d401504043c555befc142ecad68a8c43cb8c4da4edd24153f2fc23c9f4c0fe6373e02845b1c892ef8f55a9c970e62fb955967ac49c30de44dc1e02d044f53f556f4b2db6ca66558295a4c3e0846c170394a4cf52318c7c31dfb3872f8a29c15b65aa7e5b26d64da9828dd4548bb8f861f1984e8a9b154371fe05b8cc70eb398ac3ab84a8ce714d18acc70b1768faaad3bc8e1f1bad1e694a6c07e92b3b5a9c1faaf431cad1e5e685324e15fa84728f82286dd0b2d7093dbf5539ae12a9f0c51e511dcd4c6b14d2426084ac74432c4d2d52c9084e84d31340217108b012184c543ab9d930b65c3b05d8876de52b5dea1d8206c5651f51f28f82a101c7f952527fa8f952f0dee38f60936ca51446751f4f846ab47f0c291ecbd3e11eb53fc30a762b52ba8d2b9fe84fc2d2260297469fabfe28b470c6d08721a447fba180a3e2294ba3b2b5349e028951b0ebf45362a2ab2fa5aea40da4c0e40725bdc872f31faf4597fb35859aaee4d11f35b3a1862fb3aa9a54ff2b29c6a773738fe8b1cf2e68dff008d1a8dd59a6cbb0b0ae98c80b115728a23f7b53cb809f0148cb1cda4ef454791fc2e712df12b1a4bd3a2e4df46bdcf010713886c5e00e67655aec64ecab733c77a4876d0a372fe6766d9d61996d7a8c6cc0e71f90599c5e78c3b52aa473d3f353693d8dfca09dc340d4e8e67928599e78018823b169fa15aa8afc326dae1c915188a8ca925b208ddae1042cfe6b422eaf6a6205433c781d8f650337a52d2b5c6e998645b44a2c2cb5e23898f05598dd56344169e3a847656205d74c8e7c7d0e7843013dc8612298d210c84f253094c91a42429494c2550a898fa8c9f50456b6913bc143c4d0923ca0d5a443876493b06993e9d0a7321ea66170cdd25a1c2245d5137de3e54fa648a4dee8686997c707e980e1b26d4c312c007055bed0e9e3b29e1c7d9b4de562f835b1830ce0e062cacf04c222421e19849124f053d945c0eea6ec86d03af520442a1cd592e9e81695d49c797c143cc30d368e09f2856887f6528cb9cee66fe15e66597d477fb4ed3b6f3650fece50831b7a8adb61f0fa8400b972cea5677e08dc1230aecb310c619ad4c1bc168d2018b132d24c1eabb28c255d6d6baa0a96fc420117e62d0b7157289dd31b87a6c31c790b93dd2fb5aaa2ffaea2eec7e1c34363a2a8cc69b5e63af056edc2b9c24023baafc5615ed33a679ac5377d1beaabb291f9781ac99a81f300b5a5ace440e247554dffccd39b5377779e3f15b7c0d563c9646970dda558b72f1c56ff59d5239fe30bb679fb3266d3b800760ab33366e16d738a3a64058dcd5dba78e4dbe49cb1515c14f4b0c0358e8d8ba3913b7e89dc53a9552591c1ae31e77422fbaeb56722af073c2142e7bd0c395509b39c109c13d3615100dc10c8472109c9a62658bdd708b51a091d8282ea971e54af6971d9435469192609d4ae54ba8d8634744269b9eea4e3c6c3a04ac289145edd17e4a5b1ed0c6f254ef9d28d55d14daa1ab06a8d161de2447456641958ea18c2d3f0576737b8ec1115466d32d9c4a858d99511f9b1b2662731d520da5b13dc224ec2993726a9a6a1077b1f0bd0f2baed0dbc2f2ac0e225fbde3871db65a3a39a39b65cb9a2eed1dff00c692d699abcd7320c06fc167f0b983cb8d4a4dd6608bc47cd516718d7be05e1c6079e27a05659662e9b5a1ae7c08fca3f552a0ead9b4b226e91268e371973503093b3192d8e924c155c6a62dae2e2f6b5a7f75624ff53bfb2d232b61dc25acad54012e706b9a1bd64a8b9912ea61b4b035093eed501ced569e22f3dd5ea45dfa67f0d56a35e6a92dd768682761d79abda39d6a6ccc1d88e33c42c8e3ab3da353a8d564cde1cdbb480ef8121265cca8e25c64020900ef6e2878ed09645165de678d041958ec75592792b3c66a36955956942ac51a2334f61980c7328d2aa258f7d40e6ba9163b53469706bdaf88025c0c4cd82a9156e92aeee3dbebff00480d5db18a38366497540b9b5147724695542d8906a24d4a392bb525a86c1c943299ad3752287616bd88ee511b56e3b26e205fc9433b8ec9f64dd32c283e5de54dc53fd47c2a9c1bbf107752aa5692eeea251358cc9f1e94ec633f0daa38a96536b5e9b565d1bf0d10586fe14ea8d9d07f95457513361c14ba6c743601b04325446069b24c430eaf829d4a838ee210731c453a777bafc1a2ee3e142b2dc6295b60b2f05b55a784c1ec6cb5f468b4c15e698cce1cef707b31c38bcf9e0b6d93663a98d277813f0464834ad8b1648b748d154c2b4b440120d9172fc3d2a15bdb0a6c9746bd40106410641b4104a8947152a70a5ed1b0b0b68e9a4d9bcc3672e6b47e0b7496b44b362008b05131d9d1a549ad0dd229b041aa44cb5b1264faadf3585a9976280863c167004ba0785071b94629e3d751a447093657f47fa47ca1dea26779c9aa74cfa6f611b39da88f8942a074833cbe083432c2cbb8c91f041ad89894bb1be3ca018b2255366152029588afc55163f112616b08f261925c11aa1dbfcff374361ba0d7aa755b6d91291e2bad7471df23ea94c09d513014c0e49092524a04714d29652140163530ce27e29465ce2664041ad8974efc509f55d3b9d9086da2cb0f820d703a81beca653c05337926eaaf2fddc7a15779537d2144dd178d5b18da6c16d3f152a8d41a458744ec451113b2a4ad99e9f4b0491c4edf050bfd1ab7a76683db5ad0a156c740f78032645a63b2ced5c6bddbbddd8181f00a2d571d871dd52c644b3fe22e3159a3cd9a48fe6363e155543c67513b9dfe681ecb9a731d16376fd3b2b514ba30949cbb18e2b51936208a6c7748778b02b32f6abccb6ae968fe122fd3aa9c8ad1789d335987c5f10b4193660362b054eb69f74cb7e9ff004a751c67169bfc8ae4942ced8e43d3e9d60044a8d8cc6002240b2c2fedd76ce31f551b1b9e378b8f659e8ff0dbeaabb2e735cc58010d3dcacabb19aa6ea062b1aeab61e96733b951aae2434405bc71d2396796d927198b550fabc78a6d5a85d7e0921744614734f258d29f4ea109b13c5281fe5959985d5290049099281d8e4852872510503b1b0b8a2685decd1614755dfc94d3bf8529f8633e4a4750bf84b641ab0f97d83cf456581ad0d0abe93629b8f328b41f0c952f9348ba246698ef4e90a89c8d5df2650e1545519ce5b3190b9291092532042df29a88d295ec40011711e7fb857b82a2435a7840544db11dd6b32612c68ded1f0b2cb33a566f8236da399820eb825a7f97fb2056c1546dc107e455ed3c38e5f04714c2c3e874fc8cabea3ff336544aaee3a16c2a60c1e5f3555991a54bdf3eae0c6ddc7c2a8cedf04ca14ad99d70a8eb010a3d46b5bb9d6ee43608f8bc6b9f61f86cfe11ef1ee5446d35d091cb292f04d64f45c1bcefdd3c84842a3313426e809e9610318d11b5929094258400c84f685d09f16408687108cd208422134a4d14a54681ed13f143a94be88af374c73960755212a518a63ab945af6680aceb1f4342a4c5d5bad21d99e4e10129253c5d34b568738e041b24751e49b09cd7a000b810894ea7346dd0df4392001d7a7c42befb3f5ee5bd411faaa10e22c765332dada6a34f0363ca14648dc5a34c52d6699e8586a52149fbb840cb8c80aa3ed4e79a41a148c3bf79507e51c583af32bce8c5ca548f52738c236c8d9ffda00c26961e0b859d57f2b4f26f33d5649e4925ce25ce3b975c9eb28aef8a1e95e8431a82a479993239bb60c8e6909458090b8705a19824a138b974a006c25012258401cb97425840089c522525021134a726a00bd7efe4a51489d8229a8d6f529a718498160b03b43d6a434824c43567b1024d95ae3dfb8e8aa98efa2d206195820613c5494f22547732159885726a4052a00594e6d54394b6400571050fd9f11f14964f63808372244f6e9f3401a7fdbda2837418aae6efbe8e05dde7659c7d43dfa9bf9416ba498b5cd9712e510828f4693c8e7d8f93c92169e250cd43c57070e255901194a48025ce26001249276000dcabcc5fd90c4d3349a5add75bfdb6496be746b707023d31b6fba7fd9bc1d06b99531ada828d56d4141f03d93cb07ae7f37e66805a3de3d17a761f12d67b234df52951a94bd8d1a151b543a9d40c904c83a760753bb14d099e298dc2be8bcd2aad2ca8d8d4c25a4b64480609831c10a4ab5fb50e1f7977e2fde0e96cd59a64b8c419d20010444740aa35a431d2574a6dd269400ed49ba92e94850074a56948fd931a5021e4ae48174a605b5437f252d2f7824abbf94b87f782c0eb3b1aebb95780a6620ddddd4395a40c32f63d0aa6e95bba42a8cc45c96174200484b65d09639a004079044d3fdd2345d75610094003a1b226be69946c8842004d416bff00d3ac337dbbb1154d1661a9b1cdaceafa0b1c5c3d34c6afcd607c7558d21702819ec1fea066785a787a07eed4715adaff00ba177a695364325c34de2ecb08db82a4fb238c7d6a2e359c1ed6bc3194f6653a604d85efea3737b0bac1e2330a8fa74e93dda994b5fb21c5a2a105c27bb42b9c27da9a746d430ad630c17eaa950d42fe243f80dad1cd65962e4a9178da4ed9a9fb4585a4dc3d57bdad3149fa5d680f7086813b5c85e650b4bf693366e26831ecaba00743f06f3350bb854063d4d89ecb325c8c31718f219256c742429a1fcfe2ba56a662a44d94ae74200e714267eab8ca6b4a60149e1f14a5359ffaba67f440170e3745c30f578515c6ea4619db9e8b03aac0d61ba8b0a554758a8cb4818e4ec4489c91519890b972e9401d29122e400f67c532b10600ff00213db208222c66fd364200126fb5a7af12801c1bd53a13208ea943b9a0058489d295c80069a5a8909020012529ee087510026a4817009c1a8038984c4e2136500721bc714f2535c980a2e9c4f01ff886c29ff340164f3746a23d2500546f13f2288312d03d3f42b23a07d4a50d24f250a53ea569dca1cab89964ec595c4a49492a883a57245c900a5700b970400f7189eca3e1cd916aec7b26b059301d1c9702ba574a40282965352a0054891714008f4d725714c25002a69724d49a5c801494c2529774493d1301a4a494a7ca4b200e6944050804f9401fffd9, 'Nancy', 'Drew', '1988-06-03', 'Female', 'American', '[{\"education\": \"Bachelor\'s Degree\", \"degreeDetails\": \"Forensic Science\", \"institution\": \"George Washington University\"}]', '[\"Investigation\", \"Critical Thinking\", \"Forensic Analysis\", \"Report Writing\"]'),
(80, 207, NULL, 'Oscar', 'Isaac', '1984-01-07', 'Male', 'Guatemalan-American', '[{\"education\": \"Bachelor\'s Degree\", \"degreeDetails\": \"Performing Arts\", \"institution\": \"Juilliard School\"}]', '[\"Acting\", \"Musicianship\", \"Stage Performance\", \"Film Production\"]');

-- --------------------------------------------------------

--
-- Table structure for table `notifications`
--

CREATE TABLE `notifications` (
  `notification_id` int(11) NOT NULL,
  `application_id` int(11) NOT NULL,
  `employer_id` int(11) NOT NULL,
  `job_seeker_id` int(11) NOT NULL,
  `job_posting_id` int(11) NOT NULL,
  `send_notification` tinyint(1) NOT NULL,
  `created_at` timestamp NOT NULL DEFAULT current_timestamp()
) ENGINE=InnoDB DEFAULT CHARSET=utf8mb4 COLLATE=utf8mb4_general_ci;

-- --------------------------------------------------------

--
-- Table structure for table `users`
--

CREATE TABLE `users` (
  `user_id` int(11) NOT NULL,
  `username` varchar(50) NOT NULL,
  `email` varchar(100) NOT NULL,
  `password` varchar(255) NOT NULL,
  `full_name` varchar(100) NOT NULL,
  `user_type` varchar(255) DEFAULT NULL,
  `created_at` timestamp NOT NULL DEFAULT current_timestamp(),
  `updated_at` timestamp NOT NULL DEFAULT current_timestamp()
) ENGINE=InnoDB DEFAULT CHARSET=utf8mb4 COLLATE=utf8mb4_general_ci;

--
-- Dumping data for table `users`
--

INSERT INTO `users` (`user_id`, `username`, `email`, `password`, `full_name`, `user_type`, `created_at`, `updated_at`) VALUES
(117, 'techgiants', 'techgiants@example.com', '$2b$12$PqaEygeV5M3kZw9wgshkG.R1.j4.gK/8UvApNdQZgrwcNYLA9z2JC', 'Tech Giants Inc.', 'employer', '2024-10-29 05:20:18', '2024-10-29 05:20:18'),
(118, 'greenenergy', 'greenenergy@example.com', '$2b$12$ZkvXKrfU6eLbczwR0jN4SeM1k6pHNRW6avhg7fkkABF9Ux8GAVAmq', 'Green Energy Solutions', 'employer', '2024-10-29 05:20:18', '2024-10-29 05:20:18'),
(119, 'medilife', 'medilife@example.com', '$2b$12$QE7uWJsjLJWopj9YijGRve5nPuWH9AYuxR62W73i5Cu8CS2S611.y', 'MediLife Healthcare', 'employer', '2024-10-29 05:20:19', '2024-10-29 05:20:19'),
(120, 'finadvancers', 'finadvancers@example.com', '$2b$12$rMuuwL/oia8qJUVoqm.E9ehGfo7S/289JWDuVhXNtIcCsv9r2ZQlK', 'Finance Advancers Ltd.', 'employer', '2024-10-29 05:20:19', '2024-10-29 05:20:19'),
(121, 'edutopia', 'edutopia@example.com', '$2b$12$KNTXwU7MLDUq3m9Eiy8pYOCq3TzvS4i58JfpaQ2btYeHEWsvLtL9G', 'Edutopia International', 'employer', '2024-10-29 05:20:20', '2024-10-29 05:20:20'),
(122, 'aeroeng', 'aeroeng@example.com', '$2b$12$BoxL82iFwlNHFMYFczSimO.bvsPj7nRPG0ToCYlataPO18FBD5ebe', 'Aero Engineering Corp.', 'employer', '2024-10-29 05:20:20', '2024-10-29 05:20:20'),
(123, 'fashionista', 'fashionista@example.com', '$2b$12$dpGeZcsgjNA1/315LpBLfeYg9Buefen9QcFDihTRmAFWQx4S4hD5O', 'Fashionista Apparel', 'employer', '2024-10-29 05:20:20', '2024-10-29 05:20:20'),
(124, 'logistix', 'logistix@example.com', '$2b$12$P2dayMjBkUOxL3rhIR/rfOyA2ckTnvYLlF1JhGSTDD.ki183al7ZS', 'Logistix Solutions', 'employer', '2024-10-29 05:20:21', '2024-10-29 05:20:21'),
(125, 'bionext', 'bionext@example.com', '$2b$12$jrQdi8zTE5u9CwzxerZq9uBN/URWkxPXm1hTPi7V6If7hu1CsXxrK', 'BioNext Pharmaceuticals', 'employer', '2024-10-29 05:20:21', '2024-10-29 05:20:21'),
(126, 'automax', 'automax@example.com', '$2b$12$g.d9zPmHyApuWgPfft5m0e9Xaol0igvZktDpPk2J/d5xLAODJ92Ym', 'AutoMax Motors', 'employer', '2024-10-29 05:20:21', '2024-10-29 05:20:21'),
(127, 'softworld', 'softworld@example.com', '$2b$12$vcGx11lk/6Q1.wGxbgq0D.hOysiisZxoe2uZW5rqZXerme8D1wVVC', 'SoftWorld Technologies', 'employer', '2024-10-29 05:20:22', '2024-10-29 05:20:22'),
(128, 'foodworks', 'foodworks@example.com', '$2b$12$LHGgsIaTRv7OanvNEO149O6f5ov1367IlhR.Z27B/IIx49GCUQijK', 'FoodWorks Enterprises', 'employer', '2024-10-29 05:20:22', '2024-10-29 05:20:22'),
(129, 'cloudzone', 'cloudzone@example.com', '$2b$12$D9BhBif/DUEi5CgJkFekbOn6dqNGUyoKphVK.ZbhOkKB/6zchxKvy', 'CloudZone Services', 'employer', '2024-10-29 05:20:22', '2024-10-29 05:20:22'),
(130, 'urbandev', 'urbandev@example.com', '$2b$12$0cLOcYQtAvNHTZZ.OiRHs.vY0tpr7cngo/MzKh19dVw8Tab9QYbae', 'Urban Development Corp.', 'employer', '2024-10-29 05:20:23', '2024-10-29 05:20:23'),
(131, 'autohaven', 'autohaven@example.com', '$2b$12$mnjsO2mZ7JLRDQC9lMl2..O3uzylhd94bw.nGtn.h2laYq8.8XCbW', 'AutoHaven Manufacturing', 'employer', '2024-10-29 05:20:23', '2024-10-29 05:20:23'),
(132, 'aquaearth', 'aquaearth@example.com', '$2b$12$gaE3AGssFKC7IOHtYpRqWuptn6zLcyVzs1odGGJeMkQ0yEqEP86nG', 'AquaEarth Solutions', 'employer', '2024-10-29 05:20:23', '2024-10-29 05:20:23'),
(133, 'telecomplus', 'telecomplus@example.com', '$2b$12$6qYJj/kpp0RD3wzo8paAOurkUJ/tol4qSTpu26EtaCx3P0xLDVVRG', 'Telecom Plus Ltd.', 'employer', '2024-10-29 05:20:24', '2024-10-29 05:20:24'),
(134, 'urbanstyle', 'urbanstyle@example.com', '$2b$12$k66paLzBvTz1ZASEXODiYupLhNNMHsKXejfl.XZF9uqdYGwI67txC', 'UrbanStyle Clothing', 'employer', '2024-10-29 05:20:24', '2024-10-29 05:20:24'),
(135, 'medtech', 'medtech@example.com', '$2b$12$OCNdCUiLnGQjtu/qd7r//eIJR3IreTklqTX8hmocb.iUlpSTmoNoW', 'MedTech Innovations', 'employer', '2024-10-29 05:20:24', '2024-10-29 05:20:24'),
(136, 'spaceworks', 'spaceworks@example.com', '$2b$12$YYIsXWAKjD.kzV/KIt28RuKGVM9U7z7eGo4BU3.JOV/jSASZDymgq', 'SpaceWorks Inc.', 'employer', '2024-10-29 05:20:25', '2024-10-29 05:20:25'),
(137, 'buildmax', 'buildmax@example.com', '$2b$12$IaWFizocC9QNTlws6XwDJuT17LgOsWAmJQW5EL0TdmuKYYd1AK2/6', 'BuildMax Construction', 'employer', '2024-10-29 05:20:25', '2024-10-29 05:20:25'),
(138, 'greentech', 'greentech@example.com', '$2b$12$3nDsrnxuZ3CLhP3t60vJ3OS0VZoirXO.rxpgvh3gXTRyPaMXOQl1S', 'GreenTech Ventures', 'employer', '2024-10-29 05:20:25', '2024-10-29 05:20:25'),
(139, 'airplus', 'airplus@example.com', '$2b$12$zJ.L2p6K.hWiUZY00Qb2luRgZp0rOZ6hOuvOgh0LFG0NJPT/.nJ5u', 'AirPlus Airlines', 'employer', '2024-10-29 05:20:26', '2024-10-29 05:20:26'),
(140, 'legalworks', 'legalworks@example.com', '$2b$12$6DccgZkV7ydS1yhTcP9/begqmCPzn1Ee51TXglMLeUXhtLUC6rR/i', 'LegalWorks LLP', 'employer', '2024-10-29 05:20:26', '2024-10-29 05:20:26'),
(141, 'biomax', 'biomax@example.com', '$2b$12$Z5w9SPjtB.hQ8AQSRI7Ui.xFyuCqtPqF2WX/ya9sjkzCwnezyflfm', 'BioMax Research', 'employer', '2024-10-29 05:20:26', '2024-10-29 05:20:26'),
(142, 'agrifield', 'agrifield@example.com', '$2b$12$UiKDbtyaj9Qa8OWcFv4kvOOExKeiOAlF60eW33elJ6sZteVI/jVMq', 'AgriField Industries', 'employer', '2024-10-29 05:20:27', '2024-10-29 05:20:27'),
(143, 'networksunited', 'networksunited@example.com', '$2b$12$E5e2ntOril7CA9iqI0F0vOM2G6VKM9bfRuROjNQdBAfbl6zi62AP.', 'Networks United', 'employer', '2024-10-29 05:20:27', '2024-10-29 05:20:27'),
(144, 'educare', 'educare@example.com', '$2b$12$jeFZw4p1LIgLkX06Oz5BwOe/ooVmZzlcdvYZyOHq6J49cHAHXvWj2', 'EduCare Academy', 'employer', '2024-10-29 05:20:27', '2024-10-29 05:20:27'),
(145, 'cybersolutions', 'cybersolutions@example.com', '$2b$12$.TRQghEemCWiMUppTTqLlO2wd3IfFNPkgP/EpBzRmGTmEdlqKofky', 'CyberSolutions Ltd.', 'employer', '2024-10-29 05:20:28', '2024-10-29 05:20:28'),
(146, 'touristhub', 'touristhub@example.com', '$2b$12$zKGyVJuH3JKII.o5lax.Fexrg2QxhvyXlH6gI0.yEQ2Kg/KYCqScW', 'TouristHub Travel', 'employer', '2024-10-29 05:20:28', '2024-10-29 05:20:28'),
(147, 'designplus', 'designplus@example.com', '$2b$12$4lCfkagWJ3i18glhy4YkbuMuIUHZMzHY1nbyY1wu6x.bJ9RdAyqP.', 'DesignPlus Studios', 'employer', '2024-10-29 05:20:28', '2024-10-29 05:20:28'),
(148, 'techwave', 'techwave@example.com', '$2b$12$Q54NsdVzA6pAICHB4xCbJOxafCf9M.z5K41a36vt1m7BsyCcktof6', 'TechWave Systems', 'employer', '2024-10-29 05:20:29', '2024-10-29 05:20:29'),
(149, 'smartfoods', 'smartfoods@example.com', '$2b$12$BZyYmpdyQr42u55vM.euhONG9U6IvuzHdz933XuX6zhvwIh9MHDta', 'SmartFoods Inc.', 'employer', '2024-10-29 05:20:29', '2024-10-29 05:20:29'),
(150, 'inspireedu', 'inspireedu@example.com', '$2b$12$SwpyLm04W2R7w8sNg/BkPeg4sjWFCBXBPrvF2PkjOAPYOg8fMLn/e', 'Inspire Education Group', 'employer', '2024-10-29 05:20:29', '2024-10-29 05:20:29'),
(151, 'healthfirst', 'healthfirst@example.com', '$2b$12$M.mTRhAQxe7qmfuWz5j5JuIWofbJkH./yhrDpk9ge.sTvTZASmYrG', 'HealthFirst Medical', 'employer', '2024-10-29 05:20:30', '2024-10-29 05:20:30'),
(152, 'futuremobility', 'futuremobility@example.com', '$2b$12$9PynENwQbD4p/HVgNHC5X.N.gHbqYb8kTak70otHJ5..hvbE0QrCG', 'Future Mobility Corp.', 'employer', '2024-10-29 05:20:30', '2024-10-29 05:20:30'),
(153, 'blueocean', 'blueocean@example.com', '$2b$12$3LFDl9vRu9ZgF.3KunFX3exeRFwdoNsH2twOkFwhG6QpxCCFNa8jm', 'BlueOcean Logistics', 'employer', '2024-10-29 05:20:30', '2024-10-29 05:20:30'),
(154, 'urbantech', 'urbantech@example.com', '$2b$12$AyY1k1nROrO6bidU6XoKZ.mxiEHT0b0haedTghM1//mdhGpMaQ.4e', 'UrbanTech Innovations', 'employer', '2024-10-29 05:20:30', '2024-10-29 05:20:30'),
(155, 'nextgenfinance', 'nextgenfinance@example.com', '$2b$12$2rpC1A2IEpIKBKVtZrhkkerJ/LP1.5N7MXkUYLHPmgCud5e3Ax5ta', 'NextGen Finance Ltd.', 'employer', '2024-10-29 05:20:31', '2024-10-29 05:20:31'),
(156, 'ecoenergy', 'ecoenergy@example.com', '$2b$12$KFpJgNg1PZkDYgJDDo3SeOeashasvyTqXDyAanRCkCQ3/DqYmTtSy', 'EcoEnergy Systems', 'employer', '2024-10-29 05:20:31', '2024-10-29 05:20:31'),
(157, 'healthzone', 'healthzone@example.com', '$2b$12$oqsCD8Pdp3Ts1mw0s8hzJeeXzvUVV2oNk9Xtlv7uUhrHEMuPa1ffu', 'HealthZone Pharmaceuticals', 'employer', '2024-10-29 05:20:31', '2024-10-29 05:20:31'),
(158, 'cloudgenius', 'cloudgenius@example.com', '$2b$12$4vqpy8JKzDmdThwCXNtJ2.dNXj.JIx3bM0cMnTyETr75DS.QcdtQK', 'CloudGenius Solutions', 'employer', '2024-10-29 05:20:32', '2024-10-29 05:20:32'),
(159, 'digispace', 'digispace@example.com', '$2b$12$pN3TxNq.AVOhuwwEmiCCw.T8mtpIOh9JkW/JmFiQBl4EAFQ36l1fG', 'DigiSpace Media', 'employer', '2024-10-29 05:20:32', '2024-10-29 05:20:32'),
(160, 'techconnect', 'techconnect@example.com', '$2b$12$R1LHiq1NtTr4ibBl77id3uJBPQkE3a5M34wFyf1ThKZDdR0h7dFVu', 'TechConnect Group', 'employer', '2024-10-29 05:20:32', '2024-10-29 05:20:32'),
(161, 'brightfuture', 'brightfuture@example.com', '$2b$12$f94y60lm1ZtR2G8PipIfgeBt1kWOyW7JplFEMcEk11WOe953d5U.i', 'BrightFuture Education', 'employer', '2024-10-29 05:20:33', '2024-10-29 05:20:33'),
(162, 'airlift', 'airlift@example.com', '$2b$12$kC5VMx15GRkfDR709FRM2.pSTXEtnZhbNgTd5XycFI5uHV3eHw6lK', 'AirLift Logistics', 'employer', '2024-10-29 05:20:33', '2024-10-29 05:20:33'),
(163, 'cityworks', 'cityworks@example.com', '$2b$12$gYPcBPHyZtZoYLP/b6gLv.T.f830bqbctozkyXLIFs2kpAv4iwOgy', 'CityWorks Development', 'employer', '2024-10-29 05:20:33', '2024-10-29 05:20:33'),
(164, 'globaltrade', 'globaltrade@example.com', '$2b$12$azRGsnRMoR.zjIzdCq7Tn.4KlMg5XU523eSskCJAdndlhvJwNytsq', 'Global Trade Solutions', 'employer', '2024-10-29 05:20:34', '2024-10-29 05:20:34'),
(165, 'foodchain', 'foodchain@example.com', '$2b$12$r8evI3oBhiq8DZ.SmkygXOQvfxqeQLIEDelLw4qGH3Qc5x1QX929G', 'FoodChain Ltd.', 'employer', '2024-10-29 05:20:34', '2024-10-29 05:20:34'),
(166, 'autotech', 'autotech@example.com', '$2b$12$R2vi9oLlRkEeXypand6DwOOQd5PUVZcuo8NjS.b89nP1erFykZMVK', 'AutoTech Innovations', 'employer', '2024-10-29 05:20:34', '2024-10-29 05:20:34'),
(167, 'telemedia', 'telemedia@example.com', '$2b$12$I7eSVwC1H/oo79PfFySmgeuzVgxvGW4ZLUZpHeTuEQ/wOXh09rZ/G', 'TeleMedia Corp.', 'employer', '2024-10-29 05:20:35', '2024-10-29 05:20:35'),
(168, 'nextgenbio', 'nextgenbio@example.com', '$2b$12$xJLHn.yd9CHhCiXUJRrtoOnFpnCsSlftI3u7QLRswsUb0VZC6Jc1.', 'NextGen Biotech', 'employer', '2024-10-29 05:20:35', '2024-10-29 05:20:35'),
(169, 'brightlights', 'brightlights@example.com', '$2b$12$QejV84YosItyv/X1fK3iWuXfJfoJHuw7/4zwWUjyXXBUCX5QQ7QQG', 'BrightLights Entertainment', 'employer', '2024-10-29 05:20:35', '2024-10-29 05:20:35'),
(170, 'fastcourier', 'fastcourier@example.com', '$2b$12$ys/6ANvEcbqeVIoO1cYrj.VW3IndzT/D3bNMdRSwJGwI/yK33r..W', 'FastCourier Services', 'employer', '2024-10-29 05:20:36', '2024-10-29 05:20:36'),
(171, 'solargrid', 'solargrid@example.com', '$2b$12$NyqfNW12KLuxplZml7oRkOpF15a0dRsDVqeJSxjIJKIleLs4.E.22', 'SolarGrid Energy', 'employer', '2024-10-29 05:20:36', '2024-10-29 05:20:36'),
(172, 'luxurytravels', 'luxurytravels@example.com', '$2b$12$nX1Bawz2kClyLpx7/jT4R.KsgqwKZbRFoQXmGb6MYxTw1MqUoi1a6', 'Luxury Travels Ltd.', 'employer', '2024-10-29 05:20:36', '2024-10-29 05:20:36'),
(173, 'smartlogix', 'smartlogix@example.com', '$2b$12$FJNj8DMdpkHEJROubS/6Du57j0pc/sMZ17qOmTIZtFdx3I8nlin.m', 'SmartLogix Solutions', 'employer', '2024-10-29 05:20:37', '2024-10-29 05:20:37'),
(174, 'lifecare', 'lifecare@example.com', '$2b$12$qb1DyT1mNNyVEppxfW7MDewAkfjSrSL3o4hhaBDQLywtnWH0Pf2rm', 'LifeCare Medical Center', 'employer', '2024-10-29 05:20:37', '2024-10-29 05:20:37'),
(175, 'techbridge', 'techbridge@example.com', '$2b$12$tmM6NOCP7AfsgvllS1Nv6e0bU8xHzsm8USnpUzNVvvLQMGmOuazoS', 'TechBridge Innovations', 'employer', '2024-10-29 05:20:37', '2024-10-29 05:20:37'),
(176, 'cityfood', 'cityfood@example.com', '$2b$12$DkuWBKWlnDhXz.CSifs0y.Kf0kl1OqYkJgc2Ll0oFxhfZ2sUi0sRS', 'CityFood Inc.', 'employer', '2024-10-29 05:20:37', '2024-10-29 05:20:37'),
(177, 'medlabs', 'medlabs@example.com', '$2b$12$GHWhj6bOHo/WnUAvmE8bj.xNeQMa.KBApS6U3xVnwGIhaEXCEVSeu', 'MedLabs Research', 'employer', '2024-10-29 05:20:38', '2024-10-29 05:20:38'),
(178, 'greengroove', 'greengroove@example.com', '$2b$12$D342jrERvuA4Zccvbe4MCu1sXoDwdZfEW2MTff/dXREJA4Xr//9xu', 'GreenGroove Ventures', 'employer', '2024-10-29 05:20:38', '2024-10-29 05:20:38'),
(179, 'aeroworks', 'aeroworks@example.com', '$2b$12$8wHCsCt5SQjuXcA5riTHju9Ct4mObrOj1zys4X6/H9LwXTED98D5G', 'AeroWorks Ltd.', 'employer', '2024-10-29 05:20:38', '2024-10-29 05:20:38'),
(180, 'futurebuild', 'futurebuild@example.com', '$2b$12$DXNCZ4YD97IZO313xGq26.ku.BK9nLw.sN3WDlgXp8JgD8DuEMtpm', 'FutureBuild Construction', 'employer', '2024-10-29 05:20:39', '2024-10-29 05:20:39'),
(181, 'metrohealth', 'metrohealth@example.com', '$2b$12$dLKU5Diz7LAbyxeB322GEOjebphYqEFFeKGiJr91m8IqUb6VLmTFG', 'MetroHealth Medical Group', 'employer', '2024-10-29 05:20:39', '2024-10-29 05:20:39'),
(182, 'innovativehealth', 'innovativehealth@example.com', '$2b$12$uaLN7537rYkAvvO0uiyNdOIWIeUZbYp7hMz8R/F83NzuZwMMoup5W', 'Innovative Health Solutions', 'employer', '2024-10-29 05:28:04', '2024-10-29 05:28:04'),
(183, 'digitaldreams', 'digitaldreams@example.com', '$2b$12$uLyQmtpaMjuWekPJ3r74rO/5aYhS8GIZB79GE5U3N0HE19f7x3tlO', 'Digital Dreams Agency', 'employer', '2024-10-29 05:28:05', '2024-10-29 05:28:05'),
(184, 'fintechfusion', 'fintechfusion@example.com', '$2b$12$KVyHyQiyjyKB/14Onws9Wuo/pl.5vk4TdawsB4emMnMBDhlllUWvO', 'FinTech Fusion', 'employer', '2024-10-29 05:28:05', '2024-10-29 05:28:05'),
(185, 'urbanenergy', 'urbanenergy@example.com', '$2b$12$nnpep.Ra1SoqOWFtHlonfus4AROqLTplJxTRHAzfmxpsOki/ZdIqm', 'Urban Energy Solutions', 'employer', '2024-10-29 05:28:06', '2024-10-29 05:28:06'),
(186, 'sustainably', 'sustainably@example.com', '$2b$12$K1iCQQaUVVZIiFkuVI/9zOg.2oGu5OFzArgY.RyN/K3x88Tn5N49q', 'Sustainably Managed Co.', 'employer', '2024-10-29 05:28:06', '2024-10-29 05:28:06'),
(187, 'agriinnovate', 'agriinnovate@example.com', '$2b$12$x0cgL8O2YiUiEuiJ0DL4v.B./tMJVXJbajtPpt7eCJLceSRHp7KN.', 'AgriInnovate Technologies', 'employer', '2024-10-29 05:28:06', '2024-10-29 05:28:06'),
(193, 'alice.johnson', 'alice.johnson@gmail.com', '$2b$12$APpaiSrMhDRhac1v5ZlnX.Y2KCnOwItDYPKG1XRpmTRmSM.K1jndW', 'Alice Johnson', 'job_seeker', '2024-10-30 06:01:37', '2024-10-30 06:01:37'),
(194, 'bob.smith', 'bob.smith@yahoo.com', '$2b$12$qvgIsnK6OgN/0uve2q9pmuHKzdxLRzHrbt7e7iwiAnQLuYnILTQ2u', 'Bob Smith', 'job_seeker', '2024-10-30 06:01:38', '2024-10-30 06:01:38'),
(195, 'charlie.brown', 'charlie.brown@hotmail.com', '$2b$12$M0AyvaZIrMTbGdaFTRPlN.JVSHUOKy/U3CzRX8zSbUgx.JzDihTNe', 'Charlie Brown', 'job_seeker', '2024-10-30 06:01:38', '2024-10-30 06:01:38'),
(196, 'diana.prince', 'diana.prince@outlook.com', '$2b$12$HLaZMbBZjJ1igI8il7nfHO3JT0XHoRjuFJZPqOaUQYk4yGxmKSebC', 'Diana Prince', 'job_seeker', '2024-10-30 06:01:38', '2024-10-30 06:01:38'),
(197, 'ethan.hunt', 'ethan.hunt@gmail.com', '$2b$12$Ttja3Fkz6jlOZHT196ZPVe20/LK5L7y.ft5cYKsN9iyX7yA06HrmG', 'Ethan Hunt', 'job_seeker', '2024-10-30 06:01:39', '2024-10-30 06:01:39'),
(198, 'fiona.apple', 'fiona.apple@icloud.com', '$2b$12$sikL0JEFbOODJxiy1MNS1O2d7GQADWs6t8RkzedGpTslFrrxAe6RW', 'Fiona Apple', 'job_seeker', '2024-10-30 06:01:39', '2024-10-30 06:01:39'),
(199, 'george.wilson', 'george.wilson@protonmail.com', '$2b$12$fQagIbZ3GmnrE.Aq8f02O.kEaygc5srwAO2oJpukpcr/xH0JmjlF2', 'George Wilson', 'job_seeker', '2024-10-30 06:01:39', '2024-10-30 06:01:39'),
(200, 'hannah.montana', 'hannah.montana@gmail.com', '$2b$12$hdBs1OtO7UmgMdu7Vm8/aOrP6RnsPE1TeKH3M9dV/Z6X3pMFVM.oa', 'Hannah Montana', 'job_seeker', '2024-10-30 06:01:40', '2024-10-30 06:01:40'),
(201, 'ian.mckellen', 'ian.mckellen@yahoo.com', '$2b$12$/GG2z5dxnaVfamlwxgTSn.bjB7vf40vMzCv90bVEqpmWZLDbKwZYm', 'Ian McKellen', 'job_seeker', '2024-10-30 06:01:40', '2024-10-30 06:01:40'),
(202, 'jenny.sparks', 'jenny.sparks@outlook.com', '$2b$12$W3OhBQ8RLT7eptznfwOCZusK97tHcCzngego6lbj4UIRahATTh8o6', 'Jenny Sparks', 'job_seeker', '2024-10-30 06:01:40', '2024-10-30 06:01:40'),
(203, 'kyle.reese', 'kyle.reese@gmail.com', '$2b$12$6ki5i8iPmI/oFyvLYBsB1.Ohd1uPtKww80lJ./1WiF6pP5YNnu72m', 'Kyle Reese', 'job_seeker', '2024-10-30 06:01:41', '2024-10-30 06:01:41'),
(204, 'laura.palmer', 'laura.palmer@hotmail.com', '$2b$12$Za5svby3/FBPi.reHDQyCeo//OP02D.BQmbR58bp4CJJ7fVJHDFMO', 'Laura Palmer', 'job_seeker', '2024-10-30 06:01:41', '2024-10-30 06:01:41'),
(205, 'mike.ross', 'mike.ross@gmail.com', '$2b$12$i4CocOgcAqPZqodcHRfnHeWbf.cxh3ZUnqeQDqDauBneYG/MAHT1y', 'Mike Ross', 'job_seeker', '2024-10-30 06:01:41', '2024-10-30 06:01:41'),
(206, 'nancy.drew', 'nancy.drew@icloud.com', '$2b$12$8ZmFKQNlbs5d6JCMsaK4rOcmz0hkpSZ.8KiCTBlPf74w74Wxvd6qm', 'Nancy Drew', 'job_seeker', '2024-10-30 06:01:42', '2024-10-30 06:01:42'),
(207, 'oscar.isaac', 'oscar.isaac@yahoo.com', '$2b$12$EXedgtQgRnVutICDYNAOIuoUg494sf415kusrhgB9qfeCY8Oo7Dzu', 'Oscar Isaac', 'job_seeker', '2024-10-30 06:01:42', '2024-10-30 06:01:42');

--
-- Indexes for dumped tables
--

--
-- Indexes for table `applications`
--
ALTER TABLE `applications`
  ADD PRIMARY KEY (`application_id`),
  ADD KEY `app_post` (`job_posting_id`),
  ADD KEY `app_seeker` (`job_seeker_id`);

--
-- Indexes for table `employer`
--
ALTER TABLE `employer`
  ADD PRIMARY KEY (`employer_id`),
  ADD KEY `employer_to_users` (`user_id`);

--
-- Indexes for table `job_posting`
--
ALTER TABLE `job_posting`
  ADD PRIMARY KEY (`job_posting_id`),
  ADD KEY `post_employer` (`employer_id`);

--
-- Indexes for table `job_seekers`
--
ALTER TABLE `job_seekers`
  ADD PRIMARY KEY (`job_seeker_id`),
  ADD KEY `job_seekers_to_users` (`user_id`);

--
-- Indexes for table `notifications`
--
ALTER TABLE `notifications`
  ADD PRIMARY KEY (`notification_id`),
  ADD KEY `application_id` (`application_id`),
  ADD KEY `notification_to_employer` (`employer_id`),
  ADD KEY `notification_to_jobseeker` (`job_seeker_id`),
  ADD KEY `notification_to_jobposting` (`job_posting_id`);

--
-- Indexes for table `users`
--
ALTER TABLE `users`
  ADD PRIMARY KEY (`user_id`);

--
-- AUTO_INCREMENT for dumped tables
--

--
-- AUTO_INCREMENT for table `applications`
--
ALTER TABLE `applications`
  MODIFY `application_id` int(11) NOT NULL AUTO_INCREMENT, AUTO_INCREMENT=31;

--
-- AUTO_INCREMENT for table `employer`
--
ALTER TABLE `employer`
  MODIFY `employer_id` int(11) NOT NULL AUTO_INCREMENT, AUTO_INCREMENT=93;

--
-- AUTO_INCREMENT for table `job_posting`
--
ALTER TABLE `job_posting`
  MODIFY `job_posting_id` int(11) NOT NULL AUTO_INCREMENT, AUTO_INCREMENT=193;

--
-- AUTO_INCREMENT for table `job_seekers`
--
ALTER TABLE `job_seekers`
  MODIFY `job_seeker_id` int(11) NOT NULL AUTO_INCREMENT, AUTO_INCREMENT=81;

--
-- AUTO_INCREMENT for table `notifications`
--
ALTER TABLE `notifications`
  MODIFY `notification_id` int(11) NOT NULL AUTO_INCREMENT;

--
-- AUTO_INCREMENT for table `users`
--
ALTER TABLE `users`
  MODIFY `user_id` int(11) NOT NULL AUTO_INCREMENT, AUTO_INCREMENT=209;

--
-- Constraints for dumped tables
--

--
-- Constraints for table `applications`
--
ALTER TABLE `applications`
  ADD CONSTRAINT `app_post` FOREIGN KEY (`job_posting_id`) REFERENCES `job_posting` (`job_posting_id`) ON DELETE CASCADE ON UPDATE CASCADE,
  ADD CONSTRAINT `app_seeker` FOREIGN KEY (`job_seeker_id`) REFERENCES `job_seekers` (`job_seeker_id`) ON DELETE CASCADE ON UPDATE CASCADE;

--
-- Constraints for table `employer`
--
ALTER TABLE `employer`
  ADD CONSTRAINT `employer_ibfk_1` FOREIGN KEY (`user_id`) REFERENCES `users` (`user_id`) ON DELETE CASCADE ON UPDATE CASCADE;

--
-- Constraints for table `job_posting`
--
ALTER TABLE `job_posting`
  ADD CONSTRAINT `post_employer` FOREIGN KEY (`employer_id`) REFERENCES `employer` (`employer_id`) ON DELETE CASCADE ON UPDATE CASCADE;

--
-- Constraints for table `job_seekers`
--
ALTER TABLE `job_seekers`
  ADD CONSTRAINT `job_seekers_to_users` FOREIGN KEY (`user_id`) REFERENCES `users` (`user_id`) ON DELETE CASCADE ON UPDATE CASCADE;

--
-- Constraints for table `notifications`
--
ALTER TABLE `notifications`
  ADD CONSTRAINT `notificatio_to_jobposting` FOREIGN KEY (`job_posting_id`) REFERENCES `job_posting` (`job_posting_id`) ON DELETE CASCADE ON UPDATE CASCADE,
  ADD CONSTRAINT `notification_to_employer` FOREIGN KEY (`employer_id`) REFERENCES `employer` (`employer_id`) ON DELETE CASCADE ON UPDATE CASCADE,
  ADD CONSTRAINT `notification_to_jobseeker` FOREIGN KEY (`job_seeker_id`) REFERENCES `job_seekers` (`job_seeker_id`) ON DELETE CASCADE ON UPDATE CASCADE,
  ADD CONSTRAINT `notifications_ibfk_1` FOREIGN KEY (`application_id`) REFERENCES `applications` (`application_id`) ON DELETE CASCADE ON UPDATE CASCADE;
COMMIT;

/*!40101 SET CHARACTER_SET_CLIENT=@OLD_CHARACTER_SET_CLIENT */;
/*!40101 SET CHARACTER_SET_RESULTS=@OLD_CHARACTER_SET_RESULTS */;
/*!40101 SET COLLATION_CONNECTION=@OLD_COLLATION_CONNECTION */;
